NAME,DEC,xs,ys,xe,ye,路段ID,sordernum,eordernum,路段长度,linktype,ramp,mylinktype,限速,speedadj,车道数,tflowmodel,上游路口ID,下游路口ID
斜土路,斜土路（宛平南路至东安路）,121.4426488,31.19350683,121.4478865,31.19639359,1,71,70,671.794,5,0,1,50,15,2,2,71,70
斜土路,斜土路（小木桥路至大木桥路）,121.4539436,31.1987959,121.4573548,31.20009032,2,68,67,411.146,5,0,1,50,15,2,2,68,67
斜土路,斜土路（枫林路至小木桥路）,121.4512215,31.19773751,121.4539436,31.1987959,3,69,68,332.597,5,0,1,50,15,2,2,69,68
零陵路,零陵路（宛平南路至东安路）,121.444305,31.19037156,121.4503023,31.19269272,4,63,64,717.772,5,0,3,30,15,2,2,63,64
斜土路,斜土路（东安路至枫林路）,121.4478865,31.19639359,121.4512215,31.19773751,5,70,69,410.988,5,0,1,50,15,2,2,70,69
零陵路,零陵路（东安路至枫林路）,121.4503023,31.19269272,121.4531141,31.19378507,6,64,65,337.133,5,0,3,30,15,2,2,64,65
东安路,东安路（中山南二路至零陵路）,121.4518231,31.18882991,121.4503023,31.19269272,7,19,64,471.287,5,0,2,40,15,2,2,19,64
东安路,东安路（零陵路至斜土路）,121.4503023,31.19269272,121.4478865,31.19639359,8,64,70,495.852,5,0,2,40,15,2,2,64,70
东安路,东安路（斜土路至零陵路）,121.4478865,31.19639359,121.4503023,31.19269272,9,70,64,502.497,5,0,2,40,15,2,2,70,64
枫林路,枫林路（零陵路至斜土路）,121.4531141,31.19378507,121.4512215,31.19773751,10,65,69,490.182,5,0,3,30,15,2,2,65,69
大木桥路,大木桥路（大木桥茶林至零陵路）,121.4578422,31.19822973,121.4591385,31.19605109,11,8826,66,290.14,5,0,2,40,15,2,2,178,66
零陵路,零陵路（小木桥路至大木桥路）,121.4563164,31.19497015,121.4591385,31.19605109,12,8827,66,339.564,5,0,3,30,15,2,2,179,66
斜土路,斜土路（东安路至宛平南路）,121.4478865,31.19639359,121.4426488,31.19350683,13,70,71,677.493,5,0,1,50,15,2,2,70,71
斜土路,斜土路（大木桥路至小木桥路）,121.4573548,31.20009032,121.4539436,31.1987959,14,67,68,413.511,5,0,1,50,15,2,2,67,68
大木桥路,大木桥路（大木桥茶林至斜土路）,121.4578422,31.19822973,121.4573548,31.20009032,15,8826,67,221.248,5,0,2,40,15,2,2,178,67
大木桥路,大木桥路（零陵路至大木桥茶林）,121.4591385,31.19605109,121.4578422,31.19822973,16,66,8826,288.062,5,0,2,40,15,2,2,66,178
小木桥路,小木桥路（斜土路至零陵路）,121.4539436,31.1987959,121.4563164,31.19497015,17,68,8827,505.256,5,0,3,30,15,2,2,68,179
大木桥路,大木桥路（斜土路至大木桥茶林）,121.4573548,31.20009032,121.4578422,31.19822973,18,67,8826,221.644,5,0,2,40,15,2,2,67,178
宛平南路,宛平南路（零陵路至斜土路）,121.444305,31.19037156,121.4426488,31.19350683,19,63,71,403.702,5,0,1,50,15,2,2,63,71
斜土路,斜土路（小木桥路至枫林路）,121.4539436,31.1987959,121.4512215,31.19773751,20,68,69,332.765,5,0,1,50,15,2,2,68,69
斜土路,斜土路（枫林路至东安路）,121.4512215,31.19773751,121.4478865,31.19639359,21,69,70,410.056,5,0,1,50,15,2,2,69,70
中山南二路,中山南二路（枫林路至小木桥路）,121.4556322,31.19070016,121.4580764,31.19217923,22,20,21,329.019,5,0,1,50,15,2,2,20,21
零陵路,零陵路（枫林路至小木桥路）,121.4531141,31.19378507,121.4563164,31.19497015,23,65,8827,380.104,5,0,3,30,15,2,2,65,179
中山南二路,中山南二路（东安路至船厂路）,121.4518231,31.18882991,121.4541474,31.18981215,24,19,8828,299.45,5,0,1,50,15,2,2,19,180
宛平南路,宛平南路（中山南二路至零陵路）,121.4461072,31.18710622,121.444305,31.19037156,25,18,63,418.643,5,0,1,50,15,2,2,18,63
东安路,东安路（零陵路至中山南二路）,121.4503023,31.19269272,121.4518231,31.18882991,26,64,19,469.309,5,0,2,40,15,2,2,64,19
宛平南路,宛平南路（龙华路至中山南二路）,121.4483486,31.18414617,121.4461072,31.18710622,27,58,18,418.949,5,0,1,50,15,2,2,58,18
中山南二路,中山南二路（小木桥路至枫林路）,121.4580764,31.19217923,121.4556322,31.19070016,28,21,20,330.569,5,0,1,50,15,2,2,21,20
中山南二路,中山南二路（船厂路至东安路）,121.4541474,31.18981215,121.4518231,31.18882991,29,8828,19,291.942,5,0,1,50,15,2,2,180,19
中山南二路,中山南二路（宛平南路至人行道）,121.4461072,31.18710622,121.4472343,31.18750424,30,18,88166,136.582,5,1,1,50,15,2,2,18,318
中山南二路,中山南二路（人行道至宛平南路）,121.4505817,31.18849342,121.4474474,31.18778352,31,8824,88167,367.96,5,2,1,50,15,2,2,176,319
枫林路,枫林路（零陵路至中山南二路）,121.4531141,31.19378507,121.4556322,31.19070016,32,65,20,460.978,5,0,2,40,15,2,2,65,20
枫林路,枫林路（中山南二路至零陵路）,121.4556322,31.19070016,121.4531141,31.19378507,33,20,65,461.185,5,0,2,40,15,2,2,20,65
枫林路,枫林路（龙华中路至中山南二路）,121.4568243,31.18855769,121.4556322,31.19070016,34,56,20,279.747,5,0,2,40,15,2,2,56,20
枫林路,枫林路（中山南二路至龙华中路）,121.4556322,31.19070016,121.4568243,31.18855769,35,20,56,277.512,5,0,2,40,15,2,2,20,56
龙华中路,龙华中路（凯滨路至宛平南路）,121.4500571,31.18540729,121.4483486,31.18414617,36,8823,58,244.575,5,0,1,50,15,2,2,175,58
龙华中路,龙华中路（船厂路至东安路）,121.4551396,31.18791524,121.4528601,31.18701105,37,8825,57,282.803,5,0,1,50,15,2,2,177,57
龙华中路,龙华中路（凯滨路至东安路）,121.4500571,31.18540729,121.4528601,31.18701105,38,8823,57,368.669,5,0,1,50,15,2,2,175,57
东安路,东安路（中山南二路至龙华中路）,121.4518231,31.18882991,121.4528601,31.18701105,39,19,57,240.767,5,0,2,40,15,2,2,19,57
东安路,东安路（龙华中路至中山南二路）,121.4528601,31.18701105,121.4518231,31.18882991,40,57,19,239.038,5,0,2,40,15,2,2,57,19
船厂路,船厂路（中山南二路至龙华中路）,121.4541474,31.18981215,121.4551396,31.18791524,41,8828,8825,240.642,5,0,3,30,15,2,2,180,177
船厂路,船厂路（龙华中路至中山南二路）,121.4551396,31.18791524,121.4541474,31.18981215,42,8825,8828,244.862,5,0,3,30,15,2,2,177,180
枫林路,枫林路（瑞宁路至龙腾路）,121.4585851,31.18636859,121.4589346,31.18325131,43,43,44,410.841,5,0,1,50,15,2,2,43,44
枫林路,枫林路（龙腾路至瑞宁路）,121.4589346,31.18325131,121.4585851,31.18636859,44,44,43,433.362,5,0,1,50,15,2,2,44,43
大木桥路,大木桥路（中山南二路至零陵路）,121.4604235,31.19392386,121.4591385,31.19605109,45,22,66,282.787,5,0,2,40,15,2,2,22,66
大木桥路,大木桥路（零陵路至中山南二路）,121.4591385,31.19605109,121.4604235,31.19392386,46,66,22,285.112,5,0,2,40,15,2,2,66,22
中山南二路,中山南二路（小木桥路至大木桥路）,121.4580764,31.19217923,121.4604235,31.19392386,47,21,22,335.981,5,0,1,50,15,2,2,21,22
中山南二路,中山南二路（大木桥路至小木桥路）,121.4604235,31.19392386,121.4580764,31.19217923,48,22,21,338.311,5,0,1,50,15,2,2,22,21
小木桥路,小木桥路（零陵路至中山南二路）,121.4563164,31.19497015,121.4580764,31.19217923,49,8827,21,385.25,5,0,3,30,15,2,2,179,21
瑞平路,瑞平路（凯滨路至宛平南路）,121.4519797,31.18415093,121.4497167,31.18240664,50,8821,59,324.033,5,0,3,30,15,2,2,173,59
瑞平路,瑞平路（宛平南路至凯滨路）,121.4497167,31.18240664,121.4519797,31.18415093,51,59,8821,324.575,5,0,3,30,15,2,2,59,173
凯滨路,凯滨路（瑞平路至龙华中路）,121.4519797,31.18415093,121.4500571,31.18540729,52,8821,8823,262.225,5,0,3,30,15,2,2,173,175
凯滨路,凯滨路（龙华中路至瑞平路）,121.4500571,31.18540729,121.4519797,31.18415093,53,8823,8821,261.498,5,0,3,30,15,2,2,175,173
东安路,东安路（瑞平路至龙华中路）,121.4542449,31.1858927,121.4528601,31.18701105,54,8820,57,201.255,5,0,2,40,15,2,2,172,57
东安路,东安路（龙华中路至瑞平路）,121.4528601,31.18701105,121.4542449,31.1858927,55,57,8820,208.596,5,0,2,40,15,2,2,57,172
枫林路,枫林路（龙华中路至瑞宁路）,121.4568243,31.18855769,121.4585851,31.18636859,56,56,43,321.93,5,0,2,40,15,2,2,56,43
枫林路,枫林路（瑞宁路至龙华中路）,121.4585851,31.18636859,121.4568243,31.18855769,57,43,56,317.37,5,0,2,40,15,2,2,43,56
宛平南路,宛平南路（瑞平路至龙华路）,121.4497167,31.18240664,121.4483486,31.18414617,58,59,58,257.531,5,0,1,50,15,2,2,59,58
宛平南路,宛平南路（龙华路至瑞平路）,121.4483486,31.18414617,121.4497167,31.18240664,59,58,59,250.071,5,0,1,50,15,2,2,58,59
吴中路,吴中路（古井路至桂林路）,121.4126821,31.18983104,121.4089245,31.1886318,60,8839,91,450.544,5,0,1,50,15,2,2,191,91
吴中路,吴中路（桂林路至古井路）,121.4089245,31.1886318,121.4126821,31.18983104,61,91,8839,448.138,5,0,1,50,15,2,2,91,191
吴中路,吴中路（古井路至中山西路）,121.4126821,31.18983104,121.4167424,31.1910874,62,8839,13,484.846,5,0,1,50,15,2,2,191,13
吴中路,吴中路（中山西路至古井路）,121.4167424,31.1910874,121.4126821,31.18983104,63,13,8839,482.469,5,0,1,50,15,2,2,13,191
钦州路,钦州路（宜山路至田川路）,121.4202003,31.18107939,121.4235353,31.17865043,64,76,8835,474.765,5,0,2,40,15,2,2,76,187
漕东支路,漕东支路（田东路至漕溪路）,121.4330075,31.17619293,121.4312338,31.18008334,65,86,5,708.532,5,0,3,30,15,2,2,86,5
凯旋南路,凯旋南路（龙吴路至漕溪路）,121.4401973,31.17259423,121.4312338,31.18008334,66,30,5,1381.134,5,0,3,30,15,2,2,30,5
田东路,田东路（龙田路至漕东支路）,121.4355278,31.17495085,121.4330075,31.17619293,67,8831,86,371.377,5,0,2,40,15,2,2,183,86
漕宝路,漕宝路（刁勤路至钦州路）,121.4232822,31.16989306,121.4261261,31.1701272,68,8811,28,326.286,5,0,1,50,15,2,2,163,28
漕宝路,漕宝路（钦州路至漕溪路）,121.4261261,31.1701272,121.4300094,31.17029281,69,28,7,442.338,5,0,1,50,15,2,2,28,7
钦州路,钦州路（田川路至田林东路）,121.4235353,31.17865043,121.4251343,31.17579889,70,8835,85,372.622,5,0,2,40,15,2,2,187,85
桂林路,桂林路（钦州北路至吴中路）,121.4097839,31.18256417,121.4089245,31.1886318,71,89,91,693.171,5,0,1,50,15,2,2,89,91
桂林路,桂林路（田林路至宜山路）,121.4131609,31.17237817,121.4117142,31.17627573,72,83,78,465.306,5,0,1,50,15,2,2,83,78
柳州路,柳州路（田林路至宜山路）,121.4193665,31.17361073,121.4170013,31.17771293,73,84,77,533.758,5,0,2,40,15,2,2,84,77
柳州路,柳州路（钦州南路至浦北路）,121.4215658,31.16219373,121.4228745,31.16064708,74,108,109,236.808,5,0,2,40,15,2,2,108,109
柳州路,柳州路（钦州南路至冠生园路）,121.4215658,31.16219373,121.4209149,31.16512637,75,108,107,342.21,5,0,2,40,15,2,2,108,107
龙华路,龙华路（龙水北路至龙吴路）,121.4419904,31.17309106,121.4401973,31.17259423,76,8810,30,213.68,5,0,1,50,15,2,2,162,30
虹漕南路,虹漕南路（钦州南路至浦北路）,121.4092687,31.15870544,121.4107012,31.15415115,77,106,105,549.893,5,0,1,50,15,2,2,106,105
虹漕南路,虹漕南路（江安路至浦北路）,121.4120892,31.15129615,121.4107012,31.15415115,78,104,105,362.804,5,0,1,50,15,2,2,104,105
虹漕南路,虹漕南路（江安路至沪闵路）,121.4120892,31.15129615,121.4141457,31.14927833,79,104,11,335.071,5,0,1,50,15,2,2,104,11
浦北路,浦北路（桂林路至桂林西街）,121.4172495,31.15698271,121.4127713,31.15468415,80,95,8816,568.575,5,0,2,40,15,2,2,95,168
桂林路,桂林路（桂林西街北至浦北路）,121.415955,31.15869116,121.4172495,31.15698271,81,8819,95,244.527,5,0,1,50,15,2,2,171,95
钦州南路,钦州南路（虹漕南路至桂林路）,121.4092687,31.15870544,121.415522,31.16022354,82,106,93,720.51,5,0,2,40,15,2,2,106,93
桂林西街北,桂林西街北（桂林路至浦北路）,121.415955,31.15869116,121.4127713,31.15468415,83,8819,8816,762.053,5,0,3,30,15,2,2,171,168
桂林路,桂林路（钦州南路至桂林西街北）,121.415522,31.16022354,121.415955,31.15869116,84,93,8819,188.455,5,0,1,50,15,2,2,93,171
桂林路,桂林路（桂林西街南至沪闵路）,121.4182774,31.15571208,121.4194376,31.15426093,85,94,10,211.694,5,0,1,50,15,2,2,94,10
桂林路,桂林路（浦北路至桂林西街北）,121.4172495,31.15698271,121.415955,31.15869116,86,95,8819,242.284,5,0,1,50,15,2,2,95,171
浦北路,浦北路（桂林东街至桂林路）,121.4208996,31.15910995,121.4172495,31.15698271,87,8818,95,479.728,5,0,2,40,15,2,2,170,95
浦北路,浦北路（桂林路至桂林东街）,121.4172495,31.15698271,121.4208996,31.15910995,88,95,8818,475.279,5,0,2,40,15,2,2,95,170
桂林路,桂林路（浦北路至桂林西街南）,121.4172495,31.15698271,121.4182774,31.15571208,89,95,94,186.202,5,0,1,50,15,2,2,95,94
桂林路,桂林路（康健路至冠生园路）,121.4144807,31.16644364,121.4147663,31.16467332,90,8817,92,205.735,5,0,1,50,15,2,2,169,92
冠生园路,冠生园路（柳州路至桂林路）,121.4209149,31.16512637,121.4147663,31.16467332,91,107,92,696.922,5,0,2,40,15,2,2,107,92
虹漕南路,虹漕南路（浦北路至钦州南路）,121.4107012,31.15415115,121.4092687,31.15870544,92,105,106,543.479,5,0,1,50,15,2,2,105,106
浦北路,浦北路（虹漕南路至桂林西街）,121.4107012,31.15415115,121.4127713,31.15468415,93,105,8816,242.981,5,0,2,40,15,2,2,105,168
浦北路,浦北路（桂林西街至虹漕南路）,121.4127713,31.15468415,121.4107012,31.15415115,94,8816,105,249.63,5,0,2,40,15,2,2,168,105
宜山路,宜山路（柳州路至桂林路）,121.4170013,31.17771293,121.4117142,31.17627573,95,77,78,623.31,5,0,1,50,15,2,2,77,78
宜山路,宜山路（宜山道口至钦州路）,121.4189001,31.17915964,121.4202003,31.18107939,96,8833,76,280.436,5,0,1,50,15,2,2,185,76
桂林路,桂林路（宜山路至田林路）,121.4117142,31.17627573,121.4131609,31.17237817,97,78,83,467.009,5,0,1,50,15,2,2,78,83
柳州路,柳州路（宜山路至田林路）,121.4170013,31.17771293,121.4193665,31.17361073,98,77,84,532.942,5,0,2,40,15,2,2,77,84
田林路,田林路（柳州路至桂林路）,121.4193665,31.17361073,121.4131609,31.17237817,99,84,83,719.14,5,0,2,40,15,2,2,84,83
田林东路,田林东路（钦州路至柳州路）,121.4251343,31.17579889,121.4193665,31.17361073,100,85,84,700.14,5,0,2,40,15,2,2,85,84
田林路,田林路（桂林路至柳州路）,121.4131609,31.17237817,121.4193665,31.17361073,101,83,84,716.664,5,0,2,40,15,2,2,83,84
龙吴路,龙吴路（罗秀路至华发路）,121.4486435,31.13753151,121.4514223,31.12912782,102,36,37,994.212,5,0,1,50,15,2,2,36,37
桂林路,桂林路（钦江路至宜山路）,121.4105815,31.17927385,121.4117142,31.17627573,103,8832,78,362.099,5,0,1,50,15,2,2,184,78
中山西路,中山西路（漕溪北路至凯进路）,121.4314927,31.18210113,121.4291034,31.18277325,104,4,8891,290.096,5,0,1,50,15,2,2,4,243
漕溪路,漕溪路（中山西路至三汇路）,121.4314927,31.18210113,121.4312338,31.18008334,105,4,5,240.979,5,0,1,50,15,2,2,4,5
桂林西街,桂林西街南（浦北路至桂林路）,121.4127713,31.15468415,121.4182774,31.15571208,106,8816,94,777.808,5,0,3,30,15,2,2,168,94
浦北路,浦北路（桂林东街至柳州路）,121.4208996,31.15910995,121.4228745,31.16064708,107,8818,109,286.802,5,0,2,40,15,2,2,170,109
漕溪路,漕溪路（龙漕路至漕溪人行道）,121.4300094,31.17029281,121.4303543,31.17179936,108,7,88157,176.468,5,1,1,50,15,2,2,7,309
龙漕路,龙漕路（漕溪路至漕东支路）,121.4300094,31.17029281,121.4336871,31.17089815,109,7,29,429.876,5,0,1,50,15,2,2,7,29
龙漕路,龙漕路（漕东支路至漕溪路）,121.4336871,31.17089815,121.4300094,31.17029281,110,29,7,422.493,5,0,1,50,15,2,2,29,7
田东路,田东路（漕东支路至龙田路）,121.4330075,31.17619293,121.4355278,31.17495085,111,86,8831,349.782,5,0,2,40,15,2,2,86,183
龙漕路,龙漕路（田东路至漕东支路）,121.436451,31.17161199,121.4336871,31.17089815,112,8813,29,329.517,5,0,1,50,15,2,2,165,29
田东路,田东路（龙田路至龙漕路）,121.4355278,31.17495085,121.436451,31.17161199,113,8831,8813,396.859,5,0,2,40,15,2,2,183,165
龙漕路,龙漕路（漕东支路至田东路）,121.4336871,31.17089815,121.436451,31.17161199,114,29,8813,330.37,5,0,1,50,15,2,2,29,165
田东路,田东路（龙漕路至龙田路）,121.436451,31.17161199,121.4355278,31.17495085,115,8813,8831,390.932,5,0,2,40,15,2,2,165,183
龙吴路,龙吴路（龙华西路至龙华路）,121.4403058,31.17627192,121.4401973,31.17259423,116,31,30,423.951,5,0,1,50,15,2,2,31,30
桂林路,桂林路（田林路至漕宝路）,121.4131609,31.17237817,121.4140665,31.16872856,117,83,26,422.214,5,0,1,50,15,2,2,83,26
漕宝路,漕宝路（虹漕南路至苍梧路）,121.4075896,31.16622536,121.4099191,31.16675789,118,25,8812,275.135,5,0,1,50,15,2,2,25,164
漕宝路,漕宝路（桂林路至苍梧路）,121.4140665,31.16872856,121.4099191,31.16675789,119,26,8812,527.329,5,0,1,50,15,2,2,26,164
柳州路,柳州路（田林路至漕宝路）,121.4193665,31.17361073,121.4204496,31.16955042,120,84,27,473.563,5,0,2,40,15,2,2,84,27
桂林路,桂林路（漕宝路至田林路）,121.4140665,31.16872856,121.4131609,31.17237817,121,26,83,424.231,5,0,1,50,15,2,2,26,83
漕宝路,漕宝路（柳州路至桂林路）,121.4204496,31.16955042,121.4140665,31.16872856,122,27,26,731.581,5,0,1,50,15,2,2,27,26
桂林路,桂林路（钦江路至钦州北路）,121.4105815,31.17927385,121.4097839,31.18256417,123,8832,89,381.229,5,0,1,50,15,2,2,184,89
桂林路,桂林路（宜山路至钦江路）,121.4117142,31.17627573,121.4105815,31.17927385,124,78,8832,360.377,5,0,1,50,15,2,2,78,184
宜山路,宜山路（桂林路至柳州路）,121.4117142,31.17627573,121.4170013,31.17771293,125,78,77,627.139,5,0,1,50,15,2,2,78,77
桂林东街南,桂林东街南（桂林路至浦北路）,121.4182774,31.15571208,121.4208996,31.15910995,126,94,8818,556.569,5,0,3,30,15,2,2,94,170
桂林路,桂林路（钦州南路至上海师范大学）,121.415522,31.16022354,121.4149718,31.16343981,127,93,8814,368.091,5,0,1,50,15,2,2,93,166
柳州路,柳州路（冠生园路至钦州南路）,121.4209149,31.16512637,121.4215658,31.16219373,128,107,108,351.04,5,0,2,40,15,2,2,107,108
钦州南路,钦州南路（柳州路至桂林路）,121.4215658,31.16219373,121.415522,31.16022354,129,108,93,714.742,5,0,2,40,15,2,2,108,93
桂林东街北,桂林东街北（浦北路至桂林路）,121.4208996,31.15910995,121.415955,31.15869116,130,8818,8819,610.387,5,0,3,30,15,2,2,170,171
浦北路,浦北路（柳州路至桂林东街）,121.4228745,31.16064708,121.4208996,31.15910995,131,109,8818,286.798,5,0,2,40,15,2,2,109,170
沪闵路,沪闵路（柳州路至沪闵北广场）,121.4246286,31.15923114,121.4216515,31.15633391,132,9,8822,479.457,5,0,1,50,15,2,2,9,174
柳州路,柳州路（浦北路至沪闵路）,121.4228745,31.16064708,121.4246286,31.15923114,133,109,9,254.659,5,0,2,40,15,2,2,109,9
龙华西路,龙华西路（龙吴路至中山南二路）,121.4403058,31.17627192,121.4362897,31.17965694,134,31,16,639.883,5,0,1,50,15,2,2,31,16
龙华西路,龙华西路（龙水北路至龙吴路）,121.4442404,31.17527255,121.4403058,31.17627192,135,61,31,468.708,5,0,2,40,15,2,2,61,31
龙吴路,龙吴路（龙华路至龙华西路）,121.4401973,31.17259423,121.4403058,31.17627192,136,30,31,419.042,5,0,1,50,15,2,2,30,31
龙华西路,龙华西路（龙吴路至龙水北路）,121.4403058,31.17627192,121.4442404,31.17527255,137,31,61,470.163,5,0,2,40,15,2,2,31,61
龙水北路,龙水北路（龙华西路至龙华路）,121.4442404,31.17527255,121.4419904,31.17309106,138,61,8810,382.818,5,0,3,30,15,2,2,61,162
龙华西路,龙华西路（龙华路至龙水北路）,121.4465933,31.17426747,121.4442404,31.17527255,139,60,61,322.352,5,0,2,40,15,2,2,60,61
龙华路,龙华路（龙吴路至龙水北路）,121.4401973,31.17259423,121.4419904,31.17309106,140,30,8810,215.958,5,0,1,50,15,2,2,30,162
龙华西路,龙华西路（龙水北路至龙华路）,121.4442404,31.17527255,121.4465933,31.17426747,141,61,60,294.316,5,0,2,40,15,2,2,61,60
龙华路,龙华路（龙华西路至龙水北路）,121.4465933,31.17426747,121.4419904,31.17309106,142,60,8810,535.198,5,0,1,50,15,2,2,60,162
柳州路,柳州路（漕宝路至康健路）,121.4204496,31.16955042,121.4207009,31.16714758,143,27,8815,276.563,5,0,2,40,15,2,2,27,167
漕宝路,漕宝路（刁勤路至柳州路）,121.4232822,31.16989306,121.4204496,31.16955042,144,8811,27,331.455,5,0,1,50,15,2,2,163,27
漕溪路,漕溪路（漕溪人行道至龙漕路）,121.4304986,31.17399526,121.4300094,31.17029281,145,8836,7,431.195,5,0,1,50,15,2,2,188,7
钦州南路,钦州南路（桂林路至柳州路）,121.415522,31.16022354,121.4215658,31.16219373,146,93,108,714.896,5,0,2,40,15,2,2,93,108
浦北路,浦北路（桂林西街至桂林路）,121.4127713,31.15468415,121.4172495,31.15698271,147,8816,95,569.962,5,0,2,40,15,2,2,168,95
康健路,康健路（柳州路至桂林路）,121.4207009,31.16714758,121.4144807,31.16644364,148,8815,8817,761.965,5,0,3,30,15,2,2,167,169
桂林路,桂林路（康健路至漕宝路）,121.4144807,31.16644364,121.4140665,31.16872856,149,8817,26,261.989,5,0,1,50,15,2,2,169,26
龙吴路,龙吴路（百色路至龙瑞路）,121.4461964,31.14639547,121.4463061,31.14475557,150,35,88132,193.253,5,0,1,50,15,2,2,35,284
龙吴路,龙吴路（龙吴路行人信号至百色路）,121.4458424,31.1520091,121.4460787,31.14827024,151,8829,88133,427.926,5,0,1,50,15,2,2,181,285
龙吴路,龙吴路（百色路至龙吴路行人信号）,121.4461964,31.14639547,121.4460787,31.14827024,152,35,88133,223.942,5,0,1,50,15,2,2,35,285
漕溪路,漕溪路（三汇路至中山西路）,121.4312338,31.18008334,121.4314927,31.18210113,153,5,4,239.746,5,0,1,50,15,2,2,5,4
龙吴路,龙吴路（龙华路至石龙路）,121.4401973,31.17259423,121.4447268,31.16051723,154,30,32,1465.704,5,0,1,50,15,2,2,30,32
龙华路,龙华路（龙水北路至龙华西路）,121.4419904,31.17309106,121.4465933,31.17426747,155,8810,60,540.64,5,0,1,50,15,2,2,162,60
龙吴路,龙吴路（黄石路至石龙路）,121.445512,31.15880401,121.4447268,31.16051723,156,33,32,221.31,5,0,1,50,15,2,2,33,32
冠生园路,冠生园路（桂林路至柳州路）,121.4147663,31.16467332,121.4209149,31.16512637,157,92,107,690.592,5,0,2,40,15,2,2,92,107
桂林路,桂林路（桂林西街北至钦州南路）,121.415955,31.15869116,121.415522,31.16022354,158,8819,93,181.476,5,0,1,50,15,2,2,171,93
漕溪路,漕溪路（田林东路至漕溪人行道）,121.430746,31.1763909,121.4304986,31.17399526,159,6,8836,283.593,5,0,1,50,15,2,2,6,188
中山西路,中山西路（中山立信至宜山路）,121.4245204,31.18374914,121.4219963,31.18448582,160,8838,14,303.614,5,0,1,50,15,2,2,190,14
中山西路,中山西路（凯进路至漕溪北路）,121.4280592,31.18301589,121.4291034,31.18277325,161,15,8891,129.843,5,0,1,50,15,2,2,15,243
田林东路,田林东路（柳州路至钦州路）,121.4193665,31.17361073,121.4251343,31.17579889,162,84,85,698.955,5,0,2,40,15,2,2,84,85
漕宝路,漕宝路（桂林路至柳州路）,121.4140665,31.16872856,121.4204496,31.16955042,163,26,27,726.88,5,0,1,50,15,2,2,26,27
钦州路,钦州路（田林东路至田川路）,121.4251343,31.17579889,121.4235353,31.17865043,164,85,8835,371.555,5,0,2,40,15,2,2,85,187
田川路,田川路（田林东路至钦州路）,121.4265582,31.17634711,121.4235353,31.17865043,165,8834,8835,538.262,5,0,3,30,15,2,2,186,187
中山南二路,中山南二路（漕溪北路至龙华西路）,121.4314927,31.18210113,121.4362897,31.17965694,166,4,16,607.959,5,0,1,50,15,2,2,4,16
虹漕南路,虹漕南路（漕宝路至钦州南路）,121.4075896,31.16622536,121.4092687,31.15870544,167,25,106,872.549,5,0,1,50,15,2,2,25,106
虹漕南路,虹漕南路（钦州南路至漕宝路）,121.4092687,31.15870544,121.4075896,31.16622536,168,106,25,871.392,5,0,1,50,15,2,2,106,25
钦州南路,钦州南路（桂林路至虹漕南路）,121.415522,31.16022354,121.4092687,31.15870544,169,93,106,723.755,5,0,2,40,15,2,2,93,106
桂林路,桂林路（上海师范大学至钦州南路）,121.4149718,31.16343981,121.415522,31.16022354,170,8814,93,370.268,5,0,1,50,15,2,2,166,93
桂林路,桂林路（冠生园路至康健路）,121.4147663,31.16467332,121.4144807,31.16644364,171,92,8817,204.258,5,0,1,50,15,2,2,92,169
沪闵路,沪闵路（桂林路至虹漕南路）,121.4194376,31.15426093,121.4185854,31.15359882,172,10,88153,129.841,5,1,1,50,15,2,2,10,305
沪闵路,沪闵路（虹漕南路至桂林路）,121.4141457,31.14927833,121.4186087,31.15333401,173,11,88154,677.944,5,2,1,50,15,2,2,11,306
桂林路,桂林路（沪闵路至桂林西街南）,121.4194376,31.15426093,121.4182774,31.15571208,174,10,94,210.668,5,0,1,50,15,2,2,10,94
桂林路,桂林路（桂林西街南至浦北路）,121.4182774,31.15571208,121.4172495,31.15698271,175,94,95,186.159,5,0,1,50,15,2,2,94,95
龙吴路,龙吴路（石龙路至龙华路）,121.4447268,31.16051723,121.4401973,31.17259423,176,32,30,1460.52,5,0,1,50,15,2,2,32,30
中山南二路,中山南二路（龙华西路至漕溪北路）,121.4362897,31.17965694,121.4314927,31.18210113,177,16,4,611.878,5,0,1,50,15,2,2,16,4
中山西路,中山西路（柳州路至宜山路）,121.4184043,31.18870604,121.4219963,31.18448582,178,8837,14,636.14,5,0,1,50,15,2,2,189,14
中山西路,中山西路（宜山路至柳州路）,121.4219963,31.18448582,121.4184043,31.18870604,179,14,8837,630.573,5,0,1,50,15,2,2,14,189
田东路,田东路（漕溪路至漕东支路）,121.430746,31.1763909,121.4330075,31.17619293,180,6,86,258.746,5,0,2,40,15,2,2,6,86
虹漕南路,虹漕南路（浦北路至江安路）,121.4107012,31.15415115,121.4120892,31.15129615,181,105,104,368.9,5,0,1,50,15,2,2,105,104
漕溪路,漕溪路（三汇路至田林东路）,121.4312338,31.18008334,121.4307861,31.17807092,182,5,88158,236.127,5,2,1,50,15,2,2,5,310
虹漕南路,虹漕南路（沪闵路至江安路）,121.4141457,31.14927833,121.4120892,31.15129615,183,11,104,330.54,5,0,1,50,15,2,2,11,104
桂林路,桂林路（吴中路至钦州北路）,121.4089245,31.1886318,121.4097839,31.18256417,184,91,89,690.044,5,0,1,50,15,2,2,91,89
桂林路,桂林路（钦州北路至钦江路）,121.4097839,31.18256417,121.4105815,31.17927385,185,89,8832,386.129,5,0,1,50,15,2,2,89,184
龙吴路,龙吴路（石龙路至黄石路）,121.4447268,31.16051723,121.445512,31.15880401,186,32,33,217.831,5,0,1,50,15,2,2,32,33
龙吴路,龙吴路（黄石路至龙水南路）,121.445512,31.15880401,121.4456276,31.15549866,187,33,34,382.206,5,0,1,50,15,2,2,33,34
龙吴路,龙吴路（龙水南路至黄石路）,121.4456276,31.15549866,121.445512,31.15880401,188,34,33,376.717,5,0,1,50,15,2,2,34,33
龙华西路,龙华西路（中山南二路至龙吴路）,121.4362897,31.17965694,121.4381065,31.17887252,189,16,88164,223.373,5,2,1,50,15,2,2,16,316
沪闵路,沪闵路（沪闵北广场至柳州路）,121.4216515,31.15633391,121.4246286,31.15923114,190,8822,9,476.225,5,0,1,50,15,2,2,174,9
田林东路,田林东路（漕溪路至田川路）,121.430746,31.1763909,121.4265582,31.17634711,191,6,8834,481.165,5,0,2,40,15,2,2,6,186
田林东路,田林东路（田川路至钦州路）,121.4265582,31.17634711,121.4251343,31.17579889,192,8834,85,176.811,5,0,2,40,15,2,2,186,85
田林东路,田林东路（钦州路至田川路）,121.4251343,31.17579889,121.4265582,31.17634711,193,85,8834,175.241,5,0,2,40,15,2,2,85,186
田林东路,田林东路（田川路至漕溪路）,121.4265582,31.17634711,121.430746,31.1763909,194,8834,6,472.693,5,0,2,40,15,2,2,186,6
龙吴路,龙吴路（华发路至罗秀路）,121.4514223,31.12912782,121.4486435,31.13753151,195,37,36,1002.556,5,2,1,50,15,2,2,37,36
漕宝路,漕宝路（苍梧路至虹漕南路）,121.4099191,31.16675789,121.4075896,31.16622536,196,8812,25,278.518,5,0,1,50,15,2,2,164,25
中山西路,中山西路（吴中路至柳州路）,121.4167424,31.1910874,121.4174036,31.18992216,197,13,88161,156.644,5,1,1,50,15,2,2,13,313
中山西路,中山西路（柳州路至吴中路）,121.4184043,31.18870604,121.4176185,31.19003791,198,8837,88162,176.625,5,2,1,50,15,2,2,189,314
柳州路,柳州路（漕宝路至田林路）,121.4204496,31.16955042,121.4193665,31.17361073,199,27,84,478.26,5,0,2,40,15,2,2,27,84
钦州路,钦州路（漕宝路至田林东路）,121.4261261,31.1701272,121.4251343,31.17579889,200,28,85,661.686,5,0,2,40,15,2,2,28,85
漕宝路,漕宝路（漕溪路至钦州路）,121.4300094,31.17029281,121.4261261,31.1701272,201,7,28,443.074,5,0,1,50,15,2,2,7,28
钦州路,钦州路（田林东路至漕宝路）,121.4251343,31.17579889,121.4261261,31.1701272,202,85,28,651.449,5,0,2,40,15,2,2,85,28
漕宝路,漕宝路（钦州路至刁勤路）,121.4261261,31.1701272,121.4232822,31.16989306,203,28,8811,332.002,5,0,1,50,15,2,2,28,163
漕宝路,漕宝路（柳州路至刁勤路）,121.4204496,31.16955042,121.4232822,31.16989306,204,27,8811,328.132,5,0,1,50,15,2,2,27,163
漕宝路,漕宝路（苍梧路至桂林路）,121.4099191,31.16675789,121.4140665,31.16872856,205,8812,26,522.655,5,0,1,50,15,2,2,164,26
桂林路,桂林路（漕宝路至康健路）,121.4140665,31.16872856,121.4144807,31.16644364,206,26,8817,264.227,5,0,1,50,15,2,2,26,169
柳州路,柳州路（康健路至漕宝路）,121.4207009,31.16714758,121.4204496,31.16955042,207,8815,27,275.51,5,0,2,40,15,2,2,167,27
田川路,田川路（钦州路至田林东路）,121.4235353,31.17865043,121.4265582,31.17634711,208,8835,8834,511.385,5,0,3,30,15,2,2,187,186
三汇路,三汇路（漕溪路至中山西路）,121.4279587,31.18256807,121.4288341,31.18187657,209,8881,88137,128.057,5,0,2,40,15,2,2,233,289
漕东支路,漕东支路（龙吴路至田东路）,121.4401973,31.17259423,121.4330075,31.17619293,210,30,86,1295.614,5,0,3,30,15,2,2,30,86
漕溪路,漕溪路（漕溪人行道至田林东路）,121.4304986,31.17399526,121.430746,31.1763909,211,8836,6,281.84,5,0,1,50,15,2,2,188,6
漕溪路,漕溪路（田林东路至三汇路）,121.430746,31.1763909,121.4312338,31.18008334,212,6,5,427.419,5,0,1,50,15,2,2,6,5
田东路,田东路（漕东支路至漕溪路）,121.4330075,31.17619293,121.430746,31.1763909,213,86,6,259.469,5,0,2,40,15,2,2,86,6
钦州北路,钦州北路（柳州路至宜山路）,121.4160733,31.18222914,121.4202003,31.18107939,214,90,76,481.617,5,0,2,40,15,2,2,90,76
钦州北路,钦州北路（宜山路至柳州路）,121.4202003,31.18107939,121.4160733,31.18222914,215,76,90,490.006,5,0,2,40,15,2,2,76,90
柳州路,柳州路（钦州北路至宜山路）,121.4160733,31.18222914,121.4170013,31.17771293,216,90,77,542.354,5,0,2,40,15,2,2,90,77
钦州北路,钦州北路（桂林路至柳州路）,121.4097839,31.18256417,121.4160733,31.18222914,217,89,90,708.076,5,0,2,40,15,2,2,89,90
钦州北路,钦州北路（柳州路至桂林路）,121.4160733,31.18222914,121.4097839,31.18256417,218,90,89,707.512,5,0,2,40,15,2,2,90,89
柳州路,柳州路（浦北路至钦州南路）,121.4228745,31.16064708,121.4215658,31.16219373,219,109,108,232.79,5,0,2,40,15,2,2,109,108
柳州路,柳州路（沪闵路至浦北路）,121.4246286,31.15923114,121.4228745,31.16064708,220,9,109,260.267,5,0,2,40,15,2,2,9,109
钦州路,钦州路（田川路至宜山路）,121.4235353,31.17865043,121.4202003,31.18107939,221,8835,76,485.833,5,0,2,40,15,2,2,187,76
中山西路,中山西路（宜山路至中山立信）,121.4219963,31.18448582,121.4245204,31.18374914,222,14,8838,303.065,5,0,1,50,15,2,2,14,190
宜山路,宜山路（钦州路至中山西路）,121.4202003,31.18107939,121.4219963,31.18448582,223,76,14,444.146,5,0,1,50,15,2,2,76,14
宜山路,宜山路（宜山道口至柳州路）,121.4189001,31.17915964,121.4170013,31.17771293,224,8833,77,276.083,5,0,1,50,15,2,2,185,77
柳州路,柳州路（宜山路至钦州北路）,121.4170013,31.17771293,121.4160733,31.18222914,225,77,90,531.897,5,0,2,40,15,2,2,77,90
宜山路,宜山路（中山西路至钦州路）,121.4219963,31.18448582,121.4202003,31.18107939,226,14,76,445.027,5,0,1,50,15,2,2,14,76
龙漕路,龙漕路（龙吴路至田东路）,121.4401973,31.17259423,121.436451,31.17161199,227,30,8813,444.69,5,0,1,50,15,2,2,30,165
龙漕路,龙漕路（田东路至龙吴路）,121.436451,31.17161199,121.4401973,31.17259423,228,8813,30,441.367,5,0,1,50,15,2,2,165,30
漕东支路,漕东支路（田东路至龙漕路）,121.4330075,31.17619293,121.4336871,31.17089815,229,86,29,610.328,5,0,3,30,15,2,2,86,29
漕东支路,漕东支路（龙漕路至田东路）,121.4336871,31.17089815,121.4330075,31.17619293,230,29,86,601.334,5,0,3,30,15,2,2,29,86
龙吴路,龙吴路（龙瑞路至百色路）,121.4471128,31.141221,121.4463225,31.1444369,787,8830,88139,383.83,5,0,1,50,15,2,2,182,291
中山南二路,中山南二路（东安路至人行道）,121.4518231,31.18882991,121.4505817,31.18849342,232,19,8824,159.019,5,0,1,50,15,2,2,19,176
中山南二路,中山南二路（人行道至东安路）,121.4505817,31.18849342,121.4518231,31.18882991,233,8824,19,152.457,5,0,1,50,15,2,2,176,19
瑞平路,瑞平路（凯滨路至东安路）,121.4519797,31.18415093,121.4542449,31.1858927,234,8821,8820,324.601,5,0,3,30,15,2,2,173,172
瑞平路,瑞平路（东安路至凯滨路）,121.4542449,31.1858927,121.4519797,31.18415093,235,8820,8821,321.065,5,0,3,30,15,2,2,172,173
龙华中路,龙华中路（东安路至凯滨路）,121.4528601,31.18701105,121.4500571,31.18540729,236,57,8823,370.247,5,0,1,50,15,2,2,57,175
龙华中路,龙华中路（东安路至船厂路）,121.4528601,31.18701105,121.4551396,31.18791524,237,57,8825,281.15,5,0,1,50,15,2,2,57,177
龙华中路,龙华中路（宛平南路至凯滨路）,121.4483486,31.18414617,121.4500571,31.18540729,238,58,8823,242.896,5,0,1,50,15,2,2,58,175
龙华中路,龙华中路（枫林路至船厂路）,121.4568243,31.18855769,121.4551396,31.18791524,239,56,8825,211.513,5,0,1,50,15,2,2,56,177
龙华中路,龙华中路（船厂路至枫林路）,121.4551396,31.18791524,121.4568243,31.18855769,240,8825,56,208.837,5,0,1,50,15,2,2,177,56
中山南二路,中山南二路（枫林路至船厂路）,121.4556322,31.19070016,121.4541474,31.18981215,241,20,8828,207.375,5,0,1,50,15,2,2,20,180
中山南二路,中山南二路（船厂路至枫林路）,121.4541474,31.18981215,121.4556322,31.19070016,242,8828,20,205.699,5,0,1,50,15,2,2,180,20
柳州路,柳州路（冠生园路至康健路）,121.4209149,31.16512637,121.4207009,31.16714758,243,107,8815,234.593,5,0,2,40,15,2,2,107,167
柳州路,柳州路（康健路至冠生园路）,121.4207009,31.16714758,121.4209149,31.16512637,244,8815,107,234.343,5,0,2,40,15,2,2,167,107
桂林路,桂林路（上海师范大学至冠生园路）,121.4149718,31.16343981,121.4147663,31.16467332,245,8814,92,145.153,5,0,1,50,15,2,2,166,92
桂林路,桂林路（冠生园路至上海师范大学）,121.4147663,31.16467332,121.4149718,31.16343981,246,92,8814,145.354,5,0,1,50,15,2,2,92,166
中山西路,中山西路（中山立信至凯进路）,121.4245204,31.18374914,121.4270712,31.18320804,247,8838,8888,300.589,5,0,1,50,15,2,2,190,240
中山西路,中山西路（凯进路至中山立信）,121.4280592,31.18301589,121.4270712,31.18320804,248,15,8888,116.75,5,0,1,50,15,2,2,15,240
宜山路,宜山路（柳州路至宜山道口）,121.4170013,31.17771293,121.4189001,31.17915964,249,77,8833,298.526,5,0,1,50,15,2,2,77,185
宜山路,宜山路（钦州路至宜山道口）,121.4202003,31.18107939,121.4189001,31.17915964,250,76,8833,268.768,5,0,1,50,15,2,2,76,185
龙吴路,龙吴路（龙吴路行人信号至龙水南路,121.4458424,31.1520091,121.4456276,31.15549866,251,8829,34,401.101,5,0,1,50,15,2,2,181,34
龙吴路,龙吴路（龙水南路至龙吴路行人信号,121.4456276,31.15549866,121.4458424,31.1520091,252,34,8829,397.836,5,0,1,50,15,2,2,34,181
龙吴路,龙吴路（罗秀路至龙瑞路）,121.4486435,31.13753151,121.4471128,31.141221,253,36,8830,457.185,5,0,1,50,15,2,2,36,182
龙吴路,龙吴路（龙瑞路至罗秀路）,121.4471128,31.141221,121.4486435,31.13753151,254,8830,36,453.409,5,0,1,50,15,2,2,182,36
沪闵路,沪闵路（桂林路至沪闵北广场）,121.4194376,31.15426093,121.4216515,31.15633391,255,10,8822,347.855,5,0,1,50,15,2,2,10,174
沪闵路,沪闵路（沪闵北广场至桂林路）,121.4216515,31.15633391,121.4194376,31.15426093,256,8822,10,357.797,5,0,1,50,15,2,2,174,10
钦州北路,,121.4097839,31.18256417,121.4055341,31.1820658,257,89,88107,489.373,5,0,2,40,15,2,2,89,259
钦州北路,,121.4055341,31.1820658,121.4034131,31.1814536,258,88107,88,251.641,5,0,2,40,15,2,2,259,88
钦州北路,,121.4034131,31.1814536,121.3996217,31.1803722,259,88,88112,443.234,5,0,2,40,15,2,2,88,264
钦州北路,,121.3996217,31.1803722,121.3963172,31.1794152,260,88112,87,388.064,5,0,2,40,15,2,2,264,87
钦州北路,,121.3963172,31.1794152,121.3931525,31.1785035,261,87,55,371.991,5,0,2,40,15,2,2,87,55
钦州北路,,121.3931525,31.1785035,121.3916639,31.17807184,262,55,88117,178.133,5,0,2,40,15,2,2,55,269
钦州北路,,121.3916639,31.17807184,121.3931525,31.1785035,263,88117,55,176.982,5,0,2,40,15,2,2,269,55
钦州北路,,121.3931525,31.1785035,121.3963172,31.1794152,264,55,87,371.098,5,0,2,40,15,2,2,55,87
钦州北路,,121.3963172,31.1794152,121.3996217,31.1803722,265,87,88112,387.409,5,0,2,40,15,2,2,87,264
钦州北路,,121.3996217,31.1803722,121.4034131,31.1814536,266,88112,88,442.789,5,0,2,40,15,2,2,264,88
钦州北路,,121.4034131,31.1814536,121.4055341,31.1820658,267,88,88107,250.47,5,0,2,40,15,2,2,88,259
钦州北路,,121.4055341,31.1820658,121.4097839,31.18256417,268,88107,89,486.19,5,0,2,40,15,2,2,259,89
钦江路,,121.4105815,31.17927385,121.4066921,31.1785519,269,8832,8860,445.235,5,0,3,30,15,2,2,184,212
钦江路,,121.4066921,31.1785519,121.4042288,31.1781256,270,8860,881,282.223,5,0,3,30,15,2,2,212,153
钦江路,,121.4042288,31.1781256,121.4002455,31.1773966,271,881,882,455.431,5,0,3,30,15,2,2,153,154
钦江路,,121.4002455,31.1773966,121.397071,31.176813,272,882,88118,362.878,5,0,3,30,15,2,2,154,270
钦江路,,121.397071,31.176813,121.3940737,31.1762825,273,88118,88119,341.44,5,0,3,30,15,2,2,270,271
钦江路,,121.3940737,31.1762825,121.397071,31.176813,274,88119,88118,341.206,5,0,3,30,15,2,2,271,270
钦江路,,121.397071,31.176813,121.4002455,31.1773966,275,88118,882,362.558,5,0,3,30,15,2,2,270,154
钦江路,,121.4002455,31.1773966,121.4042288,31.1781256,276,882,881,455.687,5,0,3,30,15,2,2,154,153
钦江路,,121.4042288,31.1781256,121.4066921,31.1785519,277,881,8860,283.943,5,0,3,30,15,2,2,153,212
钦江路,,121.4066921,31.1785519,121.4105815,31.17927385,278,8860,8832,448.152,5,0,3,30,15,2,2,212,184
宜山路,,121.4117142,31.17627573,121.4077068,31.1755177,279,78,888,463.035,5,0,1,50,15,2,2,78,160
宜山路,,121.4077068,31.1755177,121.4048181,31.1749498,280,888,887,332.776,5,0,1,50,15,2,2,160,159
宜山路,,121.4048181,31.1749498,121.4023677,31.1744209,281,887,88116,283.329,5,0,1,50,15,2,2,159,268
宜山路,,121.4023677,31.1744209,121.4009485,31.1741145,282,88116,88121,166.077,5,0,1,50,15,2,2,268,273
宜山路,,121.4009485,31.1741145,121.3980132,31.1735383,283,88121,79,337.709,5,0,1,50,15,2,2,273,79
宜山路,,121.3980132,31.1735383,121.3955167,31.1730391,284,79,88120,287.986,5,0,1,50,15,2,2,79,272
宜山路,,121.3955167,31.1730391,121.3980132,31.1735383,285,88120,79,286.156,5,0,1,50,15,2,2,272,79
宜山路,,121.3980132,31.1735383,121.4009485,31.1741145,286,79,88121,335.997,5,0,1,50,15,2,2,79,273
宜山路,,121.4009485,31.1741145,121.4023677,31.1744209,287,88121,88116,165.64,5,0,1,50,15,2,2,273,268
宜山路,,121.4023677,31.1744209,121.4048181,31.1749498,288,88116,887,284.062,5,0,1,50,15,2,2,268,159
宜山路,,121.4048181,31.1749498,121.4077068,31.1755177,289,887,888,332.661,5,0,1,50,15,2,2,159,160
宜山路,,121.4077068,31.1755177,121.4117142,31.17627573,290,888,78,465.941,5,0,1,50,15,2,2,160,78
田林路,,121.4131609,31.17237817,121.4088023,31.1715444,291,83,88123,506.399,5,0,2,40,15,2,2,83,275
田林路,,121.4088023,31.1715444,121.4060849,31.1710169,292,88123,82,316.63,5,0,2,40,15,2,2,275,82
田林路,,121.4060849,31.1710169,121.4033477,31.1704859,293,82,889,318.864,5,0,2,40,15,2,2,82,161
田林路,,121.4033477,31.1704859,121.4016938,31.1701623,294,889,883,196.624,5,0,2,40,15,2,2,161,155
田林路,,121.4016938,31.1701623,121.3991081,31.1696828,295,883,81,300.756,5,0,2,40,15,2,2,155,81
田林路,,121.3991081,31.1696828,121.3971768,31.1693075,296,81,884,226.255,5,0,2,40,15,2,2,81,156
田林路,,121.3971768,31.1693075,121.3951732,31.16892538,297,884,88115,232.76,5,0,2,40,15,2,2,156,267
田林路,,121.3951732,31.16892538,121.3971768,31.1693075,298,88115,884,230.96,5,0,2,40,15,2,2,267,156
田林路,,121.3971768,31.1693075,121.3991081,31.1696828,299,884,81,223.827,5,0,2,40,15,2,2,156,81
田林路,,121.3991081,31.1696828,121.4016938,31.1701623,300,81,883,298.953,5,0,2,40,15,2,2,81,155
田林路,,121.4016938,31.1701623,121.4033477,31.1704859,301,883,889,193.147,5,0,2,40,15,2,2,155,161
田林路,,121.4033477,31.1704859,121.4060849,31.1710169,302,889,82,316.477,5,0,2,40,15,2,2,161,82
田林路,,121.4060849,31.1710169,121.4088023,31.1715444,303,82,88123,313.756,5,0,2,40,15,2,2,82,275
田林路,,121.4088023,31.1715444,121.4131609,31.17237817,304,88123,83,504.558,5,0,2,40,15,2,2,275,83
全州路,,121.406575,31.1690621,121.4038651,31.1684971,305,885,88114,316.889,5,0,3,30,15,2,2,157,266
全州路,,121.4038651,31.1684971,121.4020984,31.1681463,306,88114,8889,205.66,5,0,3,30,15,2,2,266,241
全州路,,121.4020984,31.1681463,121.39967,31.1676919,307,8889,8844,281.293,5,0,3,30,15,2,2,241,196
全州路,,121.39967,31.1676919,121.3980489,31.1673471,308,8844,8845,189.47,5,0,3,30,15,2,2,196,197
全州路,,121.3980489,31.1673471,121.39967,31.1676919,309,8845,8844,189.014,5,0,3,30,15,2,2,197,196
全州路,,121.39967,31.1676919,121.4020984,31.1681463,310,8844,8889,278.803,5,0,3,30,15,2,2,196,241
全州路,,121.4020984,31.1681463,121.4038651,31.1684971,311,8889,88114,205.656,5,0,3,30,15,2,2,241,266
全州路,,121.4038651,31.1684971,121.406575,31.1690621,312,88114,885,313.683,5,0,3,30,15,2,2,266,157
漕宝路,,121.4075896,31.16622536,121.4026479,31.1652867,313,25,88105,570.597,5,0,1,50,15,2,2,25,257
漕宝路,,121.4026479,31.1652867,121.4005994,31.1649062,314,88105,24,239.347,5,0,1,50,15,2,2,257,24
漕宝路,,121.4005994,31.1649062,121.3980991,31.16400615,315,24,23,305.31,5,0,1,50,15,2,2,24,23
漕宝路,,121.3980991,31.16400615,121.4005994,31.1649062,316,23,24,303.111,5,0,1,50,15,2,2,23,24
漕宝路,,121.4005994,31.1649062,121.4026479,31.1652867,317,24,88105,237.62,5,0,1,50,15,2,2,24,257
漕宝路,,121.4026479,31.1652867,121.4075896,31.16622536,318,88105,25,567.67,5,0,1,50,15,2,2,257,25
苍梧路,,121.4055341,31.1820658,121.4066921,31.1785519,319,88107,8860,416.023,5,0,2,40,15,2,2,259,212
苍梧路,,121.4066921,31.1785519,121.4077068,31.1755177,320,8860,888,359.833,5,0,2,40,15,2,2,212,160
苍梧路,,121.4077068,31.1755177,121.4088023,31.1715444,321,888,88123,461.967,5,0,2,40,15,2,2,160,275
苍梧路,,121.4088023,31.1715444,121.4099191,31.16675789,322,88123,8812,555.334,5,0,2,40,15,2,2,275,164
虹漕路,,121.4042288,31.1781256,121.4034131,31.1814536,323,881,88,384.437,5,0,1,50,15,2,2,153,88
虹漕路,,121.4048181,31.1749498,121.4042288,31.1781256,324,887,881,362.186,5,0,1,50,15,2,2,159,153
虹漕路,,121.4060849,31.1710169,121.4048181,31.1749498,325,82,887,466.469,5,0,1,50,15,2,2,82,159
虹漕路,,121.406575,31.1690621,121.4060849,31.1710169,326,885,82,228.721,5,0,1,50,15,2,2,157,82
虹漕路,,121.4075896,31.16622536,121.406575,31.1690621,327,25,885,342.413,5,0,1,50,15,2,2,25,157
桂箐路,,121.4026479,31.1652867,121.4020984,31.1681463,328,88105,8889,327.77,5,0,2,40,15,2,2,257,241
桂箐路,,121.4020984,31.1681463,121.4016938,31.1701623,329,8889,883,231.859,5,0,2,40,15,2,2,241,155
桂箐路,,121.4016938,31.1701623,121.4009485,31.1741145,330,883,88121,451.389,5,0,2,40,15,2,2,155,273
桂箐路,,121.4009485,31.1741145,121.4002455,31.1773966,331,88121,882,376.703,5,0,2,40,15,2,2,273,154
桂箐路,,121.4002455,31.1773966,121.3998928,31.179079,332,882,88113,194.354,5,0,2,40,15,2,2,154,265
桂箐路,,121.3998928,31.179079,121.3996217,31.1803722,333,88113,88112,149.396,5,0,2,40,15,2,2,265,264
桂平路,,121.3963172,31.1794152,121.3966116,31.1783991,334,87,88111,121.449,5,0,2,40,15,2,2,87,263
桂平路,,121.3966116,31.1783991,121.397071,31.176813,335,88111,88118,187.245,5,0,2,40,15,2,2,263,270
桂平路,,121.397071,31.176813,121.3980132,31.1735383,336,88118,79,382.464,5,0,2,40,15,2,2,270,79
桂平路,,121.3980132,31.1735383,121.3991081,31.1696828,337,79,81,449.003,5,0,2,40,15,2,2,79,81
桂平路,,121.3991081,31.1696828,121.39967,31.1676919,338,81,8844,233.908,5,0,2,40,15,2,2,81,196
桂果路,,121.3931525,31.1785035,121.3940737,31.1762825,339,55,88119,271.275,5,0,3,30,15,2,2,55,271
桂果路,,121.3940737,31.1762825,121.3955167,31.1730391,340,88119,88120,396.334,5,0,3,30,15,2,2,271,272
桂果路,,121.3955167,31.1730391,121.3971768,31.1693075,341,88120,884,456.662,5,0,3,30,15,2,2,272,156
桂果路,,121.3971768,31.1693075,121.3980489,31.1673471,342,884,8845,242.553,5,0,3,30,15,2,2,156,197
桂果路,,121.3980489,31.1673471,121.3986264,31.1660489,343,8845,8846,159.82,5,0,3,30,15,2,2,197,198
桂果路,,121.3940737,31.1762825,121.3931525,31.1785035,344,88119,55,269.859,5,0,3,30,15,2,2,271,55
宜州路,,121.4023677,31.1744209,121.4033477,31.1704859,345,88116,889,454.406,5,0,3,30,15,2,2,268,161
宜州路,,121.4033477,31.1704859,121.4023677,31.1744209,346,889,88116,455.585,5,0,3,30,15,2,2,161,268
宜州路,,121.4033477,31.1704859,121.4038651,31.1684971,347,889,88114,233.725,5,0,3,30,15,2,2,161,266
宜州路,,121.4038651,31.1684971,121.4033477,31.1704859,348,88114,889,233.731,5,0,3,30,15,2,2,266,161
贺阀路,,121.3998928,31.179079,121.3966116,31.1783991,349,88113,88111,375.078,5,0,3,30,15,2,2,265,263
贺阀路,,121.3966116,31.1783991,121.3998928,31.179079,350,88111,88113,374.685,5,0,3,30,15,2,2,263,265
宜山路,,121.3955167,31.1730391,121.393455,31.1726355,351,88120,88110,237.883,5,0,1,50,15,2,2,272,262
宜山路,,121.393455,31.1726355,121.3929642,31.1725289,352,88110,80,57.888,5,0,1,50,15,2,2,262,80
宜山路,,121.3929642,31.1725289,121.3897926,31.1714783,353,80,9935,374.459,5,0,1,50,15,2,2,80,354
宜山路,,121.3897926,31.1714783,121.3929642,31.1725289,354,9935,80,374.367,5,0,1,50,15,2,2,354,80
宜山路,,121.3929642,31.1725289,121.393455,31.1726355,355,80,88110,57.449,5,0,1,50,15,2,2,80,262
宜山路,,121.393455,31.1726355,121.3955167,31.1730391,356,88110,88120,236.621,5,0,1,50,15,2,2,262,272
虹许路,,121.393455,31.1726355,121.3916639,31.17807184,357,88110,88117,638.464,5,0,1,50,15,2,2,262,269
虹许路,,121.3916639,31.17807184,121.393455,31.1726355,358,88117,88110,638.612,5,0,1,50,15,2,2,269,262
虹梅路,,121.3951732,31.16892538,121.393455,31.1726355,359,88115,88110,462.737,5,0,1,50,15,2,2,267,262
虹梅路,,121.393455,31.1726355,121.3951732,31.16892538,360,88110,88115,461.625,5,0,1,50,15,2,2,262,267
虹梅路,,121.3929642,31.1725289,121.3905549,31.1771629,361,80,9936,589.177,5,0,2,40,15,2,2,80,355
虹梅路,,121.3905549,31.1771629,121.3929642,31.1725289,362,9936,80,590.098,5,0,2,40,15,2,2,355,80
虹梅路,,121.3951732,31.16892538,121.3962735,31.16707988,363,88115,88140,246.435,5,2,1,50,15,2,2,267,292
虹梅路,,121.3971816,31.16564658,121.3965769,31.16675978,364,88104,88141,145.801,5,1,1,50,15,2,2,256,293
梅果路,,121.3986264,31.1660489,121.3971816,31.16564658,365,8846,88104,169.915,5,0,3,30,15,2,2,198,256
梅果路,,121.3971816,31.16564658,121.3986264,31.1660489,366,88104,8846,169.037,5,0,3,30,15,2,2,256,198
虹梅路,,121.3971816,31.16564658,121.3980991,31.16400615,367,88104,23,212.634,5,0,1,50,15,2,2,256,23
虹梅路,,121.3980991,31.16400615,121.3971816,31.16564658,368,23,88104,213.803,5,0,1,50,15,2,2,23,256
钦州南路,,121.4092687,31.15870544,121.4045997,31.15758,369,106,8840,545.8,5,0,2,40,15,2,2,106,192
钦州南路,,121.4045997,31.15758,121.4025667,31.15710159,370,8840,8847,242.149,5,0,2,40,15,2,2,192,199
钦州南路,,121.4025667,31.15710159,121.4011126,31.15670532,371,8847,88103,180.183,5,0,2,40,15,2,2,199,255
钦州南路,,121.4011126,31.15670532,121.4025667,31.15710159,372,88103,8847,178.034,5,0,2,40,15,2,2,255,199
钦州南路,,121.4025667,31.15710159,121.4045997,31.15758,373,8847,8840,241.317,5,0,2,40,15,2,2,199,192
钦州南路,,121.4045997,31.15758,121.4092687,31.15870544,374,8840,106,540.949,5,0,2,40,15,2,2,192,106
浦北路,,121.4107012,31.15415115,121.4065812,31.1531126,375,105,8842,485.505,5,0,2,40,15,2,2,105,194
浦北路,,121.4065812,31.1531126,121.4046022,31.152504,376,8842,8841,239.909,5,0,3,30,15,2,2,194,193
浦北路,,121.4046022,31.152504,121.4065812,31.1531126,377,8841,8842,240.564,5,0,3,30,15,2,2,193,194
浦北路,,121.4065812,31.1531126,121.4107012,31.15415115,378,8842,105,485.547,5,0,2,40,15,2,2,194,105
江安路,,121.4120892,31.15129615,121.4080138,31.1496907,379,104,8843,499.986,5,0,1,50,15,2,2,104,195
江安路,,121.4080138,31.1496907,121.406097,31.1490763,380,8843,8852,233.92,5,0,1,50,15,2,2,195,204
江安路,,121.406097,31.1490763,121.4044999,31.1485624,381,8852,103,195.355,5,0,1,50,15,2,2,204,103
江安路,,121.4044999,31.1485624,121.406097,31.1490763,382,103,8852,195.007,5,0,1,50,15,2,2,103,204
江安路,,121.406097,31.1490763,121.4080138,31.1496907,383,8852,8843,231.623,5,0,1,50,15,2,2,204,195
江安路,,121.4080138,31.1496907,121.4120892,31.15129615,384,8843,104,505.317,5,0,1,50,15,2,2,195,104
桂平支路,,121.4080138,31.1496907,121.4089296,31.1475692,385,8843,88102,264.309,5,0,3,30,15,2,2,195,254
桂平支路,,121.4089296,31.1475692,121.4080138,31.1496907,386,88102,8843,261.224,5,0,3,30,15,2,2,254,195
百花街,,121.4089296,31.1475692,121.4073381,31.1462859,387,88102,8853,233.97,5,0,3,30,15,2,2,254,205
百花街,,121.4073381,31.1462859,121.4089296,31.1475692,388,8853,88102,231.132,5,0,3,30,15,2,2,205,254
平阳路,,121.4073381,31.1462859,121.4058099,31.14548888,389,8853,8854,200.392,5,0,3,30,15,2,2,205,206
平阳路,,121.4058099,31.14548888,121.4073381,31.1462859,390,8854,8853,203.519,5,0,3,30,15,2,2,206,205
沪闵路,,121.4141457,31.14927833,121.4111786,31.14668336,391,11,88152,442.236,5,2,1,50,15,2,2,11,304
沪闵路,,121.4083396,31.1439936,121.4068226,31.142556,392,8855,12,237.563,5,0,1,50,15,2,2,207,12
沪闵路,,121.4068226,31.142556,121.4005467,31.13646277,393,12,88150,975.449,5,2,1,50,15,2,2,12,302
沪闵路,,121.3997197,31.13554012,121.4005579,31.13630644,394,9924,88149,127.839,5,1,1,50,15,2,2,345,301
沪闵路,,121.4068226,31.142556,121.4083396,31.1439936,395,12,8855,235.456,5,0,1,50,15,2,2,12,207
沪闵路,,121.4083396,31.1439936,121.4112903,31.14654192,396,8855,88151,434.875,5,1,1,50,15,2,2,207,303
桂平路,,121.4080138,31.1496907,121.4065812,31.1531126,397,8843,8842,416.967,5,0,2,40,15,2,2,195,194
桂平路,,121.4065812,31.1531126,121.4045997,31.15758,398,8842,8840,547.943,5,0,2,40,15,2,2,194,192
桂平路,,121.4045997,31.15758,121.4005994,31.1649062,399,8840,24,933.731,5,0,2,40,15,2,2,192,24
桂平路,,121.4005994,31.1649062,121.4045997,31.15758,400,24,8840,934.545,5,0,2,40,15,2,2,24,192
桂平路,,121.4045997,31.15758,121.4065812,31.1531126,401,8840,8842,550.455,5,0,2,40,15,2,2,192,194
桂平路,,121.4065812,31.1531126,121.4080138,31.1496907,402,8842,8843,417.426,5,0,2,40,15,2,2,194,195
桂江路,,121.4073381,31.1462859,121.406097,31.1490763,403,8853,8852,342.63,5,0,3,30,15,2,2,205,204
桂江路,,121.406097,31.1490763,121.4046022,31.152504,404,8852,8841,422.759,5,0,3,30,15,2,2,204,193
桂江路,,121.4046022,31.152504,121.4025667,31.15710159,405,8841,8847,563.504,5,0,3,30,15,2,2,193,199
桂江路,,121.4025667,31.15710159,121.4046022,31.152504,406,8847,8841,563.646,5,0,3,30,15,2,2,199,193
桂江路,,121.4046022,31.152504,121.406097,31.1490763,407,8841,8852,419.849,5,0,3,30,15,2,2,193,204
桂江路,,121.406097,31.1490763,121.4073381,31.1462859,408,8852,8853,343.569,5,0,3,30,15,2,2,204,205
桂江路,,121.4083396,31.1439936,121.4073381,31.1462859,409,8855,8853,283.447,5,0,3,30,15,2,2,207,205
桂江路,,121.4073381,31.1462859,121.4083396,31.1439936,410,8853,8855,283.125,5,0,3,30,15,2,2,205,207
虹梅路,,121.4068226,31.142556,121.4058099,31.14548888,411,12,8854,347.093,5,0,1,50,15,2,2,12,206
虹梅路,,121.4058099,31.14548888,121.4044999,31.1485624,412,8854,103,375.214,5,0,1,50,15,2,2,206,103
虹梅路,,121.4044999,31.1485624,121.4028149,31.15279859,413,103,88145,511.125,5,1,1,50,15,2,2,103,297
虹梅路,,121.4011126,31.15670532,121.3992865,31.1613294,414,88103,88143,555.055,5,2,1,50,15,2,2,255,295
虹梅路,,121.3980991,31.16400615,121.3991451,31.16130707,415,23,88142,323.483,5,1,1,50,15,2,2,23,294
虹梅路,,121.4011126,31.15670532,121.4026437,31.15286559,416,88103,88144,462.99,5,2,1,50,15,2,2,255,296
虹梅路,,121.4044999,31.1485624,121.4058099,31.14548888,417,103,8854,375.615,5,0,1,50,15,2,2,103,206
虹梅路,,121.4058099,31.14548888,121.4068226,31.142556,418,8854,12,354.028,5,0,1,50,15,2,2,206,12
顾戴路,,121.4044999,31.1485624,121.3999163,31.1476048,419,103,9921,527.475,5,0,1,50,15,2,2,103,343
顾戴路,,121.3999163,31.1476048,121.4044999,31.1485624,420,9921,103,530.112,5,0,1,50,15,2,2,343,103
漕宝路,,121.3980991,31.16400615,121.3942332,31.1626641,421,23,9922,464.107,5,0,1,50,15,2,2,23,344
漕宝路,,121.3942332,31.1626641,121.3980991,31.16400615,422,9922,23,463.581,5,0,1,50,15,2,2,344,23
龙吴路,,121.4514223,31.12912782,121.452072,31.1265042,423,37,38,310.159,5,1,1,50,15,2,2,37,38
龙吴路,,121.452072,31.1265042,121.4523179,31.12193235,424,38,39,513.603,5,2,1,50,15,2,2,38,39
龙吴路,,121.4523179,31.12193235,121.4519652,31.11764195,425,39,40,484.962,5,0,1,50,15,2,2,39,40
龙吴路,,121.4519652,31.11764195,121.4523179,31.12193235,426,40,39,487.305,5,0,1,50,15,2,2,40,39
龙吴路,,121.4523179,31.12193235,121.452072,31.1265042,427,39,38,514.768,5,1,1,50,15,2,2,39,38
龙吴路,,121.452072,31.1265042,121.4514223,31.12912782,428,38,37,308.327,5,0,1,50,15,2,2,38,37
华发路,,121.4514223,31.12912782,121.4408209,31.1286324,429,37,41,1194.096,5,0,2,40,15,2,2,37,41
华发路,,121.4408209,31.1286324,121.4514223,31.12912782,430,41,37,1190.705,5,0,2,40,15,2,2,41,37
罗秀路,,121.4486435,31.13753151,121.4392985,31.1350043,431,36,88109,1095.484,5,0,2,40,15,2,2,36,261
罗秀路,,121.4392985,31.1350043,121.4383685,31.1347469,432,88109,42,118.274,5,0,2,40,15,2,2,261,42
罗秀路,,121.4383685,31.1347469,121.4392985,31.1350043,433,42,88109,112.016,5,0,2,40,15,2,2,42,261
罗秀路,,121.4392985,31.1350043,121.4486435,31.13753151,434,88109,36,1089.106,5,0,2,40,15,2,2,261,36
长华路,,121.4408209,31.1286324,121.4383685,31.1347469,435,41,42,743.362,5,0,2,40,15,2,2,41,42
长华路,,121.4383685,31.1347469,121.4408209,31.1286324,436,42,41,736.832,5,0,2,40,15,2,2,42,41
龙川路,,121.4392985,31.1350043,121.4372148,31.14093675,437,88109,88108,707.205,5,0,3,30,15,2,2,261,260
龙川路,,121.4372148,31.14093675,121.4392985,31.1350043,438,88108,88109,704.128,5,0,3,30,15,2,2,260,261
上中路,,121.4463225,31.1444369,121.440113,31.1422728,439,88139,88170,739.387,5,2,1,50,15,2,2,291,322
上中路,,121.4372148,31.14093675,121.4358744,31.14045735,440,88108,99,163.088,5,0,1,50,15,2,2,260,99
上中路,,121.4358744,31.14045735,121.4278337,31.1379976,441,99,100,944.47,5,0,1,50,15,2,2,99,100
上中路,,121.4278337,31.1379976,121.4236214,31.1369265,442,100,101,489.385,5,0,1,50,15,2,2,100,101
上中路,,121.4236214,31.1369265,121.41701,31.1346556,443,101,102,789.011,5,0,1,50,15,2,2,101,102
上中路,,121.41701,31.1346556,121.4236214,31.1369265,444,102,101,784.593,5,0,1,50,15,2,2,102,101
上中路,,121.4236214,31.1369265,121.4278337,31.1379976,445,101,100,486.041,5,0,1,50,15,2,2,101,100
上中路,,121.4278337,31.1379976,121.4358744,31.14045735,446,100,99,939.57,5,0,1,50,15,2,2,100,99
上中路,,121.4358744,31.14045735,121.4372148,31.14093675,447,99,88108,161.113,5,0,1,50,15,2,2,99,260
上中路,,121.4372148,31.14093675,121.4394952,31.14181127,448,88108,88148,272.486,5,1,1,50,15,2,2,260,300
百色路,,121.4461964,31.14639547,121.4339118,31.14427775,449,35,98,1401.84,5,0,2,40,15,2,2,35,98
百色路,,121.4339118,31.14427775,121.4461964,31.14639547,450,98,35,1397.04,5,0,2,40,15,2,2,98,35
龙水南路,,121.4456276,31.15549866,121.4475833,31.15551269,451,34,88127,226.107,5,0,1,50,15,2,2,34,279
龙水南路,,121.4558277,31.1576008,121.4508555,31.15551555,452,8895,88126,606.978,5,0,1,50,15,2,2,247,278
石龙路,,121.4447268,31.16051723,121.4419743,31.15990737,453,32,88106,322.7,5,0,1,50,15,2,2,32,258
石龙路,,121.4419743,31.15990737,121.4393667,31.15919625,454,88106,8849,306.492,5,0,1,50,15,2,2,258,201
石龙路,,121.4393667,31.15919625,121.4344875,31.1575117,455,8849,8848,579.079,5,0,1,50,15,2,2,201,200
石龙路,,121.4344875,31.1575117,121.4304244,31.15499285,456,8848,96,546.381,5,0,1,50,15,2,2,200,96
石龙路,,121.4304244,31.15499285,121.4238046,31.1485838,457,96,97,1028.277,5,0,1,50,15,2,2,96,97
石龙路,,121.4238046,31.1485838,121.4304244,31.15499285,458,97,96,1028.673,5,0,1,50,15,2,2,97,96
石龙路,,121.4304244,31.15499285,121.4344875,31.1575117,459,96,8848,542.617,5,0,1,50,15,2,2,96,200
石龙路,,121.4344875,31.1575117,121.4393667,31.15919625,460,8848,8849,578.359,5,0,1,50,15,2,2,200,201
石龙路,,121.4393667,31.15919625,121.4419743,31.15990737,461,8849,88106,303.77,5,0,1,50,15,2,2,201,258
石龙路,,121.4419743,31.15990737,121.4447268,31.16051723,462,88106,32,331.249,5,0,1,50,15,2,2,258,32
老沪闵路,,121.4278337,31.1379976,121.4238046,31.1485838,463,100,97,1291.691,5,0,1,50,15,2,2,100,97
老沪闵路,,121.4238046,31.1485838,121.4194376,31.15426093,464,97,10,802.559,5,0,1,50,15,2,2,97,10
老沪闵路,,121.4194376,31.15426093,121.4238046,31.1485838,465,10,97,801.776,5,0,1,50,15,2,2,10,97
老沪闵路,,121.4238046,31.1485838,121.4278337,31.1379976,466,97,100,1292.143,5,0,1,50,15,2,2,97,100
龙川北路,,121.4358744,31.14045735,121.4339118,31.14427775,467,99,98,482.04,5,0,2,40,15,2,2,99,98
龙川北路,,121.4339118,31.14427775,121.4304244,31.15499285,468,98,96,1311.753,5,0,2,40,15,2,2,98,96
龙川北路,,121.4304244,31.15499285,121.4339118,31.14427775,469,96,98,1305.909,5,0,2,40,15,2,2,96,98
龙川北路,,121.4339118,31.14427775,121.4358744,31.14045735,470,98,99,483.249,5,0,2,40,15,2,2,98,99
柳州路,,121.4304244,31.15499285,121.427111,31.1571107,471,96,8897,446.553,5,0,2,40,15,2,2,96,249
柳州路,,121.427111,31.1571107,121.4246286,31.15923114,472,8897,9,366.936,5,0,2,40,15,2,2,249,9
柳州路,,121.4246286,31.15923114,121.427111,31.1571107,473,9,8897,366.215,5,0,2,40,15,2,2,9,249
柳州路,,121.427111,31.1571107,121.4304244,31.15499285,474,8897,96,445.192,5,0,2,40,15,2,2,249,96
南宁路,,121.427111,31.1571107,121.4306995,31.1597115,475,8897,8856,500.651,5,0,3,30,15,2,2,249,208
南宁路,,121.4306995,31.1597115,121.4319384,31.1614305,476,8856,8862,246.22,5,0,3,30,15,2,2,208,214
南宁路,,121.4319384,31.1614305,121.4344469,31.16411659,477,8862,886,419.516,5,0,3,30,15,2,2,214,158
南宁路,,121.4344469,31.16411659,121.4378239,31.1665804,478,886,8851,472.301,5,0,3,30,15,2,2,158,203
南宁路,,121.4378239,31.1665804,121.4344469,31.16411659,479,8851,886,468.387,5,0,3,30,15,2,2,203,158
南宁路,,121.4344469,31.16411659,121.4319384,31.1614305,480,886,8862,420.554,5,0,3,30,15,2,2,158,214
南宁路,,121.4319384,31.1614305,121.4306995,31.1597115,481,8862,8856,240.608,5,0,3,30,15,2,2,214,208
南宁路,,121.4306995,31.1597115,121.427111,31.1571107,482,8856,8897,498.576,5,0,3,30,15,2,2,208,249
武宜路,,121.4419743,31.15990737,121.4421293,31.1628533,483,88106,8850,362.739,5,0,3,30,15,2,2,258,202
武宜路,,121.4421293,31.1628533,121.4378239,31.1665804,484,8850,8851,643.287,5,0,3,30,15,2,2,202,203
武宜路,,121.4378239,31.1665804,121.4421293,31.1628533,485,8851,8850,643.278,5,0,3,30,15,2,2,203,202
武宜路,,121.4421293,31.1628533,121.4419743,31.15990737,486,8850,88106,361.028,5,0,3,30,15,2,2,202,258
三江路,,121.4344469,31.16411659,121.434219,31.1660861,487,886,8861,221.601,5,0,3,30,15,2,2,158,213
三江路,,121.434219,31.1660861,121.4336871,31.17089815,488,8861,29,545.048,5,0,3,30,15,2,2,213,29
三江路,,121.4336871,31.17089815,121.434219,31.1660861,489,29,8861,543.917,5,0,3,30,15,2,2,29,213
三江路,,121.434219,31.1660861,121.4344469,31.16411659,490,8861,886,223.595,5,0,3,30,15,2,2,213,158
宾阳路,,121.434219,31.1660861,121.4301211,31.1649878,491,8861,8863,474.476,5,0,3,30,15,2,2,213,215
宾阳路,,121.4301211,31.1649878,121.434219,31.1660861,492,8863,8861,474.116,5,0,3,30,15,2,2,215,213
宾南路,,121.4319384,31.1614305,121.4301211,31.1649878,493,8862,8863,448.884,5,0,3,30,15,2,2,214,215
宾南路,,121.4301211,31.1649878,121.4319384,31.1614305,494,8863,8862,451.474,5,0,3,30,15,2,2,215,214
宾阳路,,121.4301211,31.1649878,121.4292121,31.16518395,495,8863,8,104.437,5,0,3,30,15,2,2,215,8
宾阳路,,121.4292121,31.16518395,121.4301211,31.1649878,496,8,8863,105.255,5,0,3,30,15,2,2,8,215
冠生园路,,121.4292121,31.16518395,121.426486,31.1653406,497,8,8859,304.821,5,0,2,40,15,2,2,8,211
冠生园路,,121.426486,31.1653406,121.4209149,31.16512637,498,8859,107,625.517,5,0,2,40,15,2,2,211,107
冠生园路,,121.4209149,31.16512637,121.426486,31.1653406,499,107,8859,625.015,5,0,2,40,15,2,2,107,211
冠生园路,,121.426486,31.1653406,121.4292121,31.16518395,500,8859,8,306.176,5,0,2,40,15,2,2,211,8
康健路,康健路（桂林路至柳州路）,121.4144807,31.16644364,121.4207009,31.16714758,501,8817,8815,756.856,5,0,3,30,15,2,2,169,167
康健路,,121.4207009,31.16714758,121.4263793,31.167439,502,8815,8869,640.611,5,0,3,30,15,2,2,167,221
康健路,,121.4263793,31.167439,121.4295733,31.16740898,503,8869,8868,363.033,5,0,3,30,15,2,2,221,220
康健路,,121.4295733,31.16740898,121.4263793,31.167439,504,8868,8869,361.207,5,0,3,30,15,2,2,220,221
康健路,,121.4263793,31.167439,121.4207009,31.16714758,505,8869,8815,644.433,5,0,3,30,15,2,2,221,167
钦州南路,,121.4215658,31.16219373,121.426342,31.1631989,506,108,8858,549.317,5,0,3,30,15,2,2,108,210
钦州南路,,121.426342,31.1631989,121.4215658,31.16219373,507,8858,108,551.743,5,0,3,30,15,2,2,210,108
浦北路,,121.4228745,31.16064708,121.4268811,31.162228,508,109,8857,489.642,5,0,3,30,15,2,2,109,209
浦北路,,121.4268811,31.162228,121.4228745,31.16064708,509,8857,109,492.567,5,0,3,30,15,2,2,209,109
定安路,,121.4306995,31.1597115,121.4273753,31.16192284,510,8856,8896,448.048,5,0,3,30,15,2,2,208,248
定安路,,121.4273753,31.16192284,121.4306995,31.1597115,511,8896,8856,446.721,5,0,3,30,15,2,2,248,208
钦州路,,121.4273753,31.16192284,121.4268811,31.162228,512,8896,8857,67.736,5,0,2,40,15,2,2,248,209
钦州路,,121.4268811,31.162228,121.426342,31.1631989,513,8857,8858,125.759,5,0,2,40,15,2,2,209,210
钦州路,,121.426342,31.1631989,121.426486,31.1653406,514,8858,8859,241.474,5,0,2,40,15,2,2,210,211
钦州路,,121.426486,31.1653406,121.4263793,31.167439,515,8859,8869,238.808,5,0,2,40,15,2,2,211,221
钦州路,,121.4263793,31.167439,121.4261261,31.1701272,516,8869,28,313.283,5,0,2,40,15,2,2,221,28
钦州路,,121.4261261,31.1701272,121.4263793,31.167439,517,28,8869,308.389,5,0,2,40,15,2,2,28,221
钦州路,,121.4263793,31.167439,121.426486,31.1653406,518,8869,8859,237.696,5,0,2,40,15,2,2,221,211
钦州路,,121.426486,31.1653406,121.426342,31.1631989,519,8859,8858,242.843,5,0,2,40,15,2,2,211,210
钦州路,,121.426342,31.1631989,121.4268811,31.162228,520,8858,8857,128.43,5,0,2,40,15,2,2,210,209
钦州路,,121.4268811,31.162228,121.4273753,31.16192284,521,8857,8896,67.576,5,0,2,40,15,2,2,209,248
沪闵路,,121.4246286,31.15923114,121.4256237,31.16003042,522,9,88155,151.606,5,1,1,50,15,2,2,9,307
沪闵路,,121.4273753,31.16192284,121.4292121,31.16518395,523,8896,8,428.21,5,0,1,50,15,2,2,248,8
沪闵路,,121.4292121,31.16518395,121.4295733,31.16740898,524,8,8868,253.161,5,0,1,50,15,2,2,8,220
沪闵路,,121.4295733,31.16740898,121.4300094,31.17029281,525,8868,7,332.289,5,0,1,50,15,2,2,220,7
沪闵路,,121.4300094,31.17029281,121.4295733,31.16740898,526,7,8868,333.243,5,0,1,50,15,2,2,7,220
沪闵路,,121.4295733,31.16740898,121.4292121,31.16518395,527,8868,8,252.614,5,0,1,50,15,2,2,220,8
沪闵路,,121.4292121,31.16518395,121.4273753,31.16192284,528,8,8896,424.812,5,0,1,50,15,2,2,8,248
沪闵路,,121.4273753,31.16192284,121.4258842,31.16055894,529,8896,88156,225.705,5,2,1,50,15,2,2,248,308
云锦路,,121.4558277,31.1576008,121.4555069,31.15952849,530,8895,54,223.173,5,0,1,50,15,2,2,247,54
云锦路,,121.4555069,31.15952849,121.4547706,31.1636364,531,54,53,473.372,5,0,1,50,15,2,2,54,53
云锦路,,121.4547706,31.1636364,121.4543573,31.1663178,532,53,52,307.373,5,0,1,50,15,2,2,53,52
云锦路,,121.4543573,31.1663178,121.4540024,31.16835735,533,52,51,237.284,5,0,1,50,15,2,2,52,51
云锦路,,121.4540024,31.16835735,121.4533246,31.17247255,534,51,50,470.096,5,0,1,50,15,2,2,51,50
云锦路,,121.4533246,31.17247255,121.4528462,31.17549737,535,50,8878,345.148,5,0,1,50,15,2,2,50,230
云锦路,,121.4528462,31.17549737,121.4523401,31.17829142,536,8878,8875,320.11,5,0,1,50,15,2,2,230,227
云锦路,,121.4523401,31.17829142,121.4528462,31.17549737,537,8875,8878,319.23,5,0,1,50,15,2,2,227,230
云锦路,,121.4528462,31.17549737,121.4533246,31.17247255,538,8878,50,345.284,5,0,1,50,15,2,2,230,50
云锦路,,121.4533246,31.17247255,121.4540024,31.16835735,539,50,51,468.336,5,0,1,50,15,2,2,50,51
云锦路,,121.4540024,31.16835735,121.4543573,31.1663178,540,51,52,235.741,5,0,1,50,15,2,2,51,52
云锦路,,121.4543573,31.1663178,121.4547706,31.1636364,541,52,53,305.063,5,0,1,50,15,2,2,52,53
云锦路,,121.4547706,31.1636364,121.4555069,31.15952849,542,53,54,469.087,5,0,1,50,15,2,2,53,54
云锦路,,121.4555069,31.15952849,121.4558277,31.1576008,543,54,8895,230.043,5,0,1,50,15,2,2,54,247
龙腾大道,,121.458832,31.1654415,121.4581856,31.1667883,544,48,47,172.764,5,0,1,50,15,2,2,48,47
龙腾大道,,121.4581856,31.1667883,121.4583861,31.1688532,545,47,46,237.827,5,0,1,50,15,2,2,47,46
龙腾大道,,121.4583861,31.1688532,121.4581359,31.17296725,546,46,45,494.713,5,0,1,50,15,2,2,46,45
龙腾大道,,121.4581359,31.17296725,121.4573015,31.17919349,547,45,8885,712.294,5,0,1,50,15,2,2,45,237
龙腾大道,,121.4573015,31.17919349,121.4581067,31.18124022,548,8885,8894,250.913,5,0,1,50,15,2,2,237,246
龙腾大道,,121.4581067,31.18124022,121.4589346,31.18325131,549,8894,44,251.971,5,0,1,50,15,2,2,246,44
龙腾大道,,121.4589346,31.18325131,121.4581067,31.18124022,550,44,8894,251.863,5,0,1,50,15,2,2,44,246
龙腾大道,,121.4581067,31.18124022,121.4573015,31.17919349,551,8894,8885,251.363,5,0,1,50,15,2,2,246,237
龙腾大道,,121.4573015,31.17919349,121.4581359,31.17296725,552,8885,45,714.289,5,0,1,50,15,2,2,237,45
龙腾大道,,121.4581359,31.17296725,121.4583861,31.1688532,553,45,46,481.942,5,0,1,50,15,2,2,45,46
龙腾大道,,121.4583861,31.1688532,121.4581856,31.1667883,554,46,47,243.732,5,0,1,50,15,2,2,46,47
龙腾大道,,121.4581856,31.1667883,121.458832,31.1654415,555,47,48,173.921,5,0,1,50,15,2,2,47,48
龙耀路,,121.4447268,31.16051723,121.4547706,31.1636364,556,32,53,1190.935,5,0,1,50,15,2,2,32,53
龙耀路,,121.4547706,31.1636364,121.458832,31.1654415,557,53,48,502.014,5,0,1,50,15,2,2,53,48
龙耀路,,121.458832,31.1654415,121.4547706,31.1636364,558,48,53,499.581,5,0,1,50,15,2,2,48,53
龙耀路,,121.4547706,31.1636364,121.4447268,31.16051723,559,53,32,1200.675,5,0,1,50,15,2,2,53,32
龙启路,,121.4543573,31.1663178,121.4581856,31.1667883,560,52,47,433.596,5,0,3,30,15,2,2,52,47
龙启路,,121.4581856,31.1667883,121.4543573,31.1663178,561,47,52,433.399,5,0,3,30,15,2,2,47,52
龙兰路,,121.4540024,31.16835735,121.4583861,31.1688532,562,51,46,492.249,5,0,3,30,15,2,2,51,46
龙兰路,,121.4583861,31.1688532,121.4540024,31.16835735,563,46,51,497.248,5,0,3,30,15,2,2,46,51
丰谷路,,121.4533246,31.17247255,121.4581359,31.17296725,564,50,45,542.232,5,0,2,40,15,2,2,50,45
丰谷路,,121.4581359,31.17296725,121.4533246,31.17247255,565,45,50,543.533,5,0,2,40,15,2,2,45,50
丰谷路,,121.4533246,31.17247255,121.4491111,31.17206085,566,50,88101,475.632,5,0,2,40,15,2,2,50,253
丰谷路,,121.4491111,31.17206085,121.4533246,31.17247255,567,88101,50,482.013,5,0,2,40,15,2,2,253,50
龙华西路,,121.4491111,31.17206085,121.4465933,31.17426747,568,88101,60,375.545,5,0,2,40,15,2,2,253,60
龙华西路,,121.4465933,31.17426747,121.4491111,31.17206085,569,60,88101,391.851,5,0,2,40,15,2,2,60,253
宛平南路,,121.4523401,31.17829142,121.4515693,31.18043164,570,8875,8884,262.253,5,0,1,50,15,2,2,227,236
宛平南路,,121.4515693,31.18043164,121.4497167,31.18240664,571,8884,59,303.846,5,0,1,50,15,2,2,236,59
宛平南路,,121.4497167,31.18240664,121.4515693,31.18043164,572,59,8884,307.391,5,0,1,50,15,2,2,59,236
宛平南路,,121.4515693,31.18043164,121.4523401,31.17829142,573,8884,8875,258.252,5,0,1,50,15,2,2,236,227
瑞宁路,,121.4515693,31.18043164,121.454056,31.18272435,574,8884,88122,379.496,5,0,3,30,15,2,2,236,274
瑞宁路,,121.454056,31.18272435,121.4558572,31.1847518,575,88122,8882,305.714,5,0,3,30,15,2,2,274,234
瑞宁路,,121.4558572,31.1847518,121.454056,31.18272435,576,8882,88122,305.958,5,0,3,30,15,2,2,234,274
瑞宁路,,121.454056,31.18272435,121.4515693,31.18043164,577,88122,8884,379.738,5,0,3,30,15,2,2,274,236
凯滨路,,121.4519797,31.18415093,121.454056,31.18272435,578,8821,88122,285.404,5,0,3,30,15,2,2,173,274
凯滨路,,121.454056,31.18272435,121.4581067,31.18124022,579,88122,8894,521.25,5,0,3,30,15,2,2,274,246
凯滨路,,121.4581067,31.18124022,121.454056,31.18272435,580,8894,88122,520.451,5,0,3,30,15,2,2,246,274
凯滨路,,121.454056,31.18272435,121.4519797,31.18415093,581,88122,8821,283.931,5,0,3,30,15,2,2,274,173
东安路,,121.4589346,31.18325131,121.4558572,31.1847518,582,44,8882,383.901,5,0,2,40,15,2,2,44,234
东安路,,121.4558572,31.1847518,121.4542449,31.1858927,583,8882,8820,222.903,5,0,2,40,15,2,2,234,172
东安路,,121.4542449,31.1858927,121.4558572,31.1847518,584,8820,8882,227.226,5,0,2,40,15,2,2,172,234
东安路,,121.4558572,31.1847518,121.4589346,31.18325131,585,8882,44,386.199,5,0,2,40,15,2,2,234,44
龙恒东路,,121.4523401,31.17829142,121.4573015,31.17919349,586,8875,8885,579.944,5,0,3,30,15,2,2,227,237
龙恒东路,,121.4573015,31.17919349,121.4523401,31.17829142,587,8885,8875,584.128,5,0,3,30,15,2,2,237,227
瑞宁路,,121.4558572,31.1847518,121.4567248,31.18555928,588,8882,88100,137.209,5,0,2,40,15,2,2,234,252
瑞宁路,,121.4567248,31.18555928,121.4585851,31.18636859,589,88100,43,234.737,5,0,2,40,15,2,2,252,43
瑞宁路,,121.4585851,31.18636859,121.4567248,31.18555928,590,43,88100,231.737,5,0,2,40,15,2,2,43,252
瑞宁路,,121.4567248,31.18555928,121.4558572,31.1847518,591,88100,8882,136.576,5,0,2,40,15,2,2,252,234
船厂路,,121.4567248,31.18555928,121.4551396,31.18791524,592,88100,8825,319.624,5,0,3,30,15,2,2,252,177
船厂路,,121.4551396,31.18791524,121.4567248,31.18555928,593,8825,88100,322.645,5,0,3,30,15,2,2,177,252
龙华中路,,121.4568243,31.18855769,121.4603001,31.18987294,594,56,8883,419.877,5,0,1,50,15,2,2,56,235
龙华中路,,121.4603001,31.18987294,121.4568243,31.18855769,595,8883,56,420.258,5,0,1,50,15,2,2,235,56
小木桥路,,121.4603001,31.18987294,121.4580764,31.19217923,596,8883,21,375.956,5,0,3,30,15,2,2,235,21
小木桥路,,121.4580764,31.19217923,121.4603001,31.18987294,597,21,8883,381.178,5,0,3,30,15,2,2,21,235
龙华路,,121.4465933,31.17426747,121.4476995,31.18261035,598,60,8874,1049.14,5,0,1,50,15,2,2,60,226
龙华路,,121.4476995,31.18261035,121.4483486,31.18414617,599,8874,58,197.809,5,0,1,50,15,2,2,226,58
龙华路,,121.4483486,31.18414617,121.4476995,31.18261035,600,58,8874,191.031,5,0,1,50,15,2,2,58,226
龙华路,,121.4476995,31.18261035,121.4465933,31.17426747,601,8874,60,1034.223,5,0,1,50,15,2,2,226,60
华容路,,121.4476995,31.18261035,121.4450084,31.1817825,602,8874,8872,325.806,5,0,3,30,15,2,2,226,224
华容路,,121.4450084,31.1817825,121.4476995,31.18261035,603,8872,8874,315.877,5,0,3,30,15,2,2,224,226
中山南二路,,121.4362897,31.17965694,121.4401499,31.1824467,604,16,17,534.632,5,0,1,50,15,2,2,16,17
中山南二路,,121.4401499,31.1824467,121.4435813,31.18520106,605,17,8873,498.096,5,0,1,50,15,2,2,17,225
中山南二路,,121.4435813,31.18520106,121.4461072,31.18710622,606,8873,18,361.241,5,0,1,50,15,2,2,225,18
中山南二路,,121.4461072,31.18710622,121.4435813,31.18520106,607,18,8873,365.775,5,0,1,50,15,2,2,18,225
中山南二路,,121.4435813,31.18520106,121.4401499,31.1824467,608,8873,17,495.822,5,0,1,50,15,2,2,225,17
中山南二路,,121.4401499,31.1824467,121.4395378,31.18208415,609,17,88165,81.713,5,1,1,50,15,2,2,17,317
双峰路,,121.4450084,31.1817825,121.4435813,31.18520106,610,8872,8873,415.751,5,0,3,30,15,2,2,224,225
双峰路,,121.4435813,31.18520106,121.4450084,31.1817825,611,8873,8872,413.108,5,0,3,30,15,2,2,225,224
天钥桥路,,121.4442404,31.17527255,121.4401499,31.1824467,612,61,17,957.105,5,0,2,40,15,2,2,61,17
天钥桥路,,121.4401499,31.1824467,121.4385822,31.1870507,613,17,62,543.532,5,0,1,50,15,2,2,17,62
天钥桥路,,121.4385822,31.1870507,121.4401499,31.1824467,614,62,17,544.973,5,0,1,50,15,2,2,62,17
天钥桥路,,121.4401499,31.1824467,121.4442404,31.17527255,615,17,61,940.407,5,0,2,40,15,2,2,17,61
天钥桥路,,121.437532,31.1917306,121.4381587,31.1880453,616,72,8879,431.946,5,0,1,50,15,2,2,72,231
天钥桥路,,121.4381587,31.1880453,121.4385822,31.1870507,617,8879,62,122.717,5,0,1,50,15,2,2,231,62
零陵路,,121.4385822,31.1870507,121.4417712,31.1894461,618,62,8886,449.207,5,0,2,40,15,2,2,62,238
零陵路,,121.4417712,31.1894461,121.444305,31.19037156,619,8886,63,302.817,5,0,2,40,15,2,2,238,63
零陵路,,121.444305,31.19037156,121.4417712,31.1894461,620,63,8886,302.698,5,0,2,40,15,2,2,63,238
零陵路,,121.4417712,31.1894461,121.4385822,31.1870507,621,8886,62,450.875,5,0,2,40,15,2,2,238,62
零陵路,,121.4317225,31.1843959,121.4365759,31.1857828,622,3,8899,567.658,5,0,2,40,15,2,2,3,251
零陵路,,121.4365759,31.1857828,121.4385822,31.1870507,623,8899,62,268.801,5,0,2,40,15,2,2,251,62
零陵路,,121.4385822,31.1870507,121.4365759,31.1857828,624,62,8899,266.21,5,0,2,40,15,2,2,62,251
零陵路,,121.4365759,31.1857828,121.4317225,31.1843959,625,8899,3,564.109,5,0,2,40,15,2,2,251,3
斜土路,,121.4365759,31.1857828,121.4381587,31.1880453,626,8899,8879,308.093,5,0,3,30,15,2,2,251,231
斜土路,,121.4381587,31.1880453,121.4411396,31.1910608,627,8879,8887,477.976,5,0,3,30,15,2,2,231,239
斜土路,,121.4411396,31.1910608,121.4381587,31.1880453,628,8887,8879,479.181,5,0,3,30,15,2,2,239,231
斜土路,,121.4381587,31.1880453,121.4365759,31.1857828,629,8879,8899,312.458,5,0,3,30,15,2,2,231,251
双峰北路,,121.4417712,31.1894461,121.4411396,31.1910608,630,8886,8887,194.611,5,0,3,30,15,2,2,238,239
双峰北路,,121.4411396,31.1910608,121.4417712,31.1894461,631,8887,8886,194.336,5,0,3,30,15,2,2,239,238
斜土路,,121.4411396,31.1910608,121.4413154,31.1930196,632,8887,8880,222.108,5,0,3,30,15,2,2,239,232
斜土路,,121.4413154,31.1930196,121.4411396,31.1910608,633,8880,8887,224.769,5,0,3,30,15,2,2,232,239
斜土路,,121.4413154,31.1930196,121.4426488,31.19350683,634,8880,71,163.69,5,0,1,50,15,2,2,232,71
斜土路,,121.4426488,31.19350683,121.4413154,31.1930196,635,71,8880,163.261,5,0,1,50,15,2,2,71,232
南丹东路,,121.4413154,31.1930196,121.437532,31.1917306,636,8880,72,447.077,5,0,1,50,15,2,2,232,72
南丹东路,,121.437532,31.1917306,121.4327372,31.1909104,637,72,1,542.502,5,0,1,50,15,2,2,72,1
南丹东路,,121.4327372,31.1909104,121.437532,31.1917306,638,1,72,543.778,5,0,1,50,15,2,2,1,72
南丹东路,,121.437532,31.1917306,121.4413154,31.1930196,639,72,8880,446.052,5,0,1,50,15,2,2,72,232
漕溪北路,,121.4314927,31.18210113,121.4317225,31.1843959,640,4,3,265.595,5,0,1,50,15,2,2,4,3
漕溪北路,,121.4317225,31.1843959,121.4321943,31.18773455,641,3,2,376.991,5,2,1,50,15,2,2,3,2
漕溪北路,,121.4321943,31.18773455,121.4327372,31.1909104,642,2,1,361.188,5,0,1,50,15,2,2,2,1
漕溪北路,,121.4327372,31.1909104,121.4321943,31.18773455,643,1,2,362.711,5,0,1,50,15,2,2,1,2
漕溪北路,,121.4321943,31.18773455,121.4317225,31.1843959,644,2,3,378.293,5,1,1,50,15,2,2,2,3
漕溪北路,,121.4317225,31.1843959,121.4314927,31.18210113,645,3,4,261.797,5,0,1,50,15,2,2,3,4
凯进路,,121.4234405,31.1874744,121.4280592,31.18301589,646,8898,15,721.417,5,0,3,30,15,2,2,250,15
中山西路,中山西路（漕溪北路至凯进路）,121.4291034,31.18277325,121.4280592,31.18301589,647,8891,15,130.727,5,0,1,50,15,2,2,243,15
中山西路,中山西路（凯进路至漕溪北路）,121.4291034,31.18277325,121.4314927,31.18210113,648,8891,4,284.734,5,0,1,50,15,2,2,243,4
中山西路,中山西路（凯进路至中山立信）,121.4270712,31.18320804,121.4245204,31.18374914,649,8888,8838,300.904,5,0,1,50,15,2,2,240,190
中山西路,中山西路（中山立信至凯进路）,121.4270712,31.18320804,121.4280592,31.18301589,650,8888,15,118.806,5,0,1,50,15,2,2,240,15
三汇路,三汇路（漕溪路至中山西路）,121.4270712,31.18320804,121.4279587,31.18256807,651,8888,8881,136.64,5,0,2,40,15,2,2,240,233
凯进路,,121.428014,31.18282862,121.4279587,31.18256807,652,8890,8881,32.181,5,0,3,30,15,2,2,242,233
凯进路,,121.4280592,31.18301589,121.428014,31.18282862,653,15,8890,24.478,5,0,2,40,15,2,2,15,242
凯进路,,121.428014,31.18282862,121.4280592,31.18301589,654,8890,15,25.505,5,0,2,40,15,2,2,242,15
凯旋南路,,121.4312338,31.18008334,121.4289632,31.18197431,655,5,88138,329.845,5,0,2,40,15,2,2,5,290
凯旋路,,121.4291034,31.18277325,121.426406,31.18530386,656,8891,8867,434.354,5,0,2,40,15,2,2,243,219
凯旋路,,121.426406,31.18530386,121.4235741,31.1877548,657,8867,75,423.271,5,0,2,40,15,2,2,219,75
凯旋路,,121.4235741,31.1877548,121.421503,31.19037513,658,75,8864,377.999,5,0,2,40,15,2,2,75,216
凯旋路,,121.421503,31.19037513,121.4199953,31.19256865,659,8864,110,304.412,5,0,2,40,15,2,2,216,110
凯旋路,,121.4199953,31.19256865,121.421503,31.19037513,660,110,8864,303.701,5,0,2,40,15,2,2,110,216
凯旋路,,121.421503,31.19037513,121.4235741,31.1877548,661,8864,75,380.753,5,0,2,40,15,2,2,216,75
凯旋路,,121.4235741,31.1877548,121.426406,31.18530386,662,75,8867,423.158,5,0,2,40,15,2,2,75,219
凯旋路,,121.426406,31.18530386,121.4291034,31.18277325,663,8867,8891,422.373,5,0,2,40,15,2,2,219,243
吴中东路,,121.4167424,31.1910874,121.4180526,31.1916754,664,13,8870,169.947,5,0,2,40,15,2,2,13,222
吴中东路,,121.4180526,31.1916754,121.4199953,31.19256865,665,8870,110,244.832,5,0,2,40,15,2,2,222,110
番禺路,,121.4199953,31.19256865,121.4219355,31.1941142,666,110,111,281.605,5,0,2,40,15,2,2,110,111
番禺路,,121.4219355,31.1941142,121.4234367,31.1957623,667,111,112,256.852,5,0,2,40,15,2,2,111,112
番禺路,,121.4234367,31.1957623,121.4250866,31.20184715,668,112,114,716.02,5,0,2,40,15,2,2,112,114
番禺路,,121.4250866,31.20184715,121.4234367,31.1957623,669,114,112,714.035,5,0,2,40,15,2,2,114,112
番禺路,,121.4234367,31.1957623,121.4219355,31.1941142,670,112,111,253.332,5,0,2,40,15,2,2,112,111
番禺路,,121.4219355,31.1941142,121.4199953,31.19256865,671,111,110,278.302,5,0,2,40,15,2,2,111,110
吴中东路,,121.4199953,31.19256865,121.4180526,31.1916754,672,110,8870,240.46,5,0,2,40,15,2,2,110,222
吴中东路,,121.4180526,31.1916754,121.4167424,31.1910874,673,8870,13,165.62,5,0,2,40,15,2,2,222,13
徐虹北路,,121.4184043,31.18870604,121.4196739,31.1893801,674,8837,8865,168.343,5,0,3,30,15,2,2,189,217
徐虹北路,,121.4196739,31.1893801,121.421503,31.19037513,675,8865,8864,238.537,5,0,3,30,15,2,2,217,216
徐虹北路,,121.421503,31.19037513,121.4239837,31.1928278,676,8864,8871,392.723,5,0,3,30,15,2,2,216,223
徐虹北路,,121.4239837,31.1928278,121.4255038,31.19508572,677,8871,8893,310.716,5,0,3,30,15,2,2,223,245
徐虹北路,,121.4255038,31.19508572,121.4239837,31.1928278,678,8893,8871,307.125,5,0,3,30,15,2,2,245,223
徐虹北路,,121.4239837,31.1928278,121.421503,31.19037513,679,8871,8864,394.373,5,0,3,30,15,2,2,223,216
徐虹北路,,121.421503,31.19037513,121.4196739,31.1893801,680,8864,8865,241.119,5,0,3,30,15,2,2,216,217
徐虹北路,,121.4196739,31.1893801,121.4184043,31.18870604,681,8865,8837,172.135,5,0,3,30,15,2,2,217,189
宜山路,,121.4219963,31.18448582,121.4230499,31.18659128,682,14,8892,270.103,5,0,1,50,15,2,2,14,244
宜山路,,121.4234405,31.1874744,121.4235741,31.1877548,683,8898,75,38.662,5,0,1,50,15,2,2,250,75
宜山路,,121.4235741,31.1877548,121.4249857,31.1902701,684,75,8866,326.493,5,0,2,40,15,2,2,75,218
宜山路,,121.4249857,31.1902701,121.4258389,31.1918384,685,8866,74,207.88,5,0,2,40,15,2,2,218,74
宜山路,,121.4258389,31.1918384,121.4272428,31.1942784,686,74,73,320.842,5,0,2,40,15,2,2,74,73
宜山路,,121.4272428,31.1942784,121.4258389,31.1918384,687,73,74,318.925,5,0,2,40,15,2,2,73,74
宜山路,,121.4258389,31.1918384,121.4249857,31.1902701,688,74,8866,204.944,5,0,2,40,15,2,2,74,218
宜山路,,121.4249857,31.1902701,121.4235741,31.1877548,689,8866,75,327.222,5,0,2,40,15,2,2,218,75
宜山路,,121.4235741,31.1877548,121.4234405,31.1874744,690,75,8898,43.774,5,0,1,50,15,2,2,75,250
宜山路,,121.4234405,31.1874744,121.4230499,31.18659128,691,8898,8892,111.634,5,0,1,50,15,2,2,250,244
虹桥路,,121.4272428,31.1942784,121.4255038,31.19508572,692,73,8893,217.919,5,0,1,50,15,2,2,73,245
虹桥路,,121.4255038,31.19508572,121.4234367,31.1957623,693,8893,112,245.709,5,0,1,50,15,2,2,245,112
虹桥路,,121.4234367,31.1957623,121.4178686,31.19730855,694,112,113,647.83,5,0,1,50,15,2,2,112,113
虹桥路,,121.4178686,31.19730855,121.4234367,31.1957623,695,113,112,646.131,5,0,1,50,15,2,2,113,112
虹桥路,,121.4234367,31.1957623,121.4255038,31.19508572,696,112,8893,244.02,5,0,1,50,15,2,2,112,245
虹桥路,,121.4255038,31.19508572,121.4272428,31.1942784,697,8893,73,215.964,5,0,1,50,15,2,2,245,73
淮海西路,,121.4178686,31.19730855,121.4250866,31.20184715,698,113,114,978.202,5,0,2,40,15,2,2,113,114
淮海西路,,121.4250866,31.20184715,121.4178686,31.19730855,699,114,113,987.778,5,0,2,40,15,2,2,114,113
南丹路,,121.4327372,31.1909104,121.4291963,31.1908831,700,1,8877,396.967,5,0,1,50,15,2,2,1,229
南丹路,,121.4291963,31.1908831,121.4258389,31.1918384,701,8877,74,391.964,5,0,1,50,15,2,2,229,74
南丹路,,121.4258389,31.1918384,121.4239837,31.1928278,702,74,8871,237.994,5,0,3,30,15,2,2,74,223
南丹路,,121.4239837,31.1928278,121.4219355,31.1941142,703,8871,111,277.466,5,0,3,30,15,2,2,223,111
南丹路,,121.4219355,31.1941142,121.4239837,31.1928278,704,111,8871,275.5,5,0,3,30,15,2,2,111,223
南丹路,,121.4239837,31.1928278,121.4258389,31.1918384,705,8871,74,236.166,5,0,3,30,15,2,2,223,74
南丹路,,121.4258389,31.1918384,121.4291963,31.1908831,706,74,8877,392.055,5,0,1,50,15,2,2,74,229
南丹路,,121.4291963,31.1908831,121.4327372,31.1909104,707,8877,1,398.292,5,0,1,50,15,2,2,229,1
蒲汇塘路,,121.4321943,31.18773455,121.4283607,31.1890127,708,2,8876,452.444,5,0,2,40,15,2,2,2,228
蒲汇塘路,,121.4283607,31.1890127,121.4249857,31.1902701,709,8876,8866,403.214,5,0,2,40,15,2,2,228,218
蒲汇塘路,,121.4249857,31.1902701,121.4283607,31.1890127,710,8866,8876,407.713,5,0,2,40,15,2,2,218,228
蒲汇塘路,,121.4283607,31.1890127,121.4321943,31.18773455,711,8876,2,453.809,5,0,2,40,15,2,2,228,2
文定路,,121.426406,31.18530386,121.4283607,31.1890127,712,8867,8876,470.672,5,0,3,30,15,2,2,219,228
文定路,,121.4283607,31.1890127,121.4291963,31.1908831,713,8876,8877,232.458,5,0,3,30,15,2,2,228,229
文定路,,121.4291963,31.1908831,121.4283607,31.1890127,714,8877,8876,230.906,5,0,3,30,15,2,2,229,228
文定路,,121.4283607,31.1890127,121.426406,31.18530386,715,8876,8867,467.69,5,0,3,30,15,2,2,228,219
宜山路,,121.4230499,31.18659128,121.4219963,31.18448582,716,8892,14,268.93,5,0,1,50,15,2,2,244,14
宜山路,,121.4230499,31.18659128,121.4234405,31.1874744,717,8892,8898,111.811,5,0,1,50,15,2,2,244,250
古宜路,,121.4230499,31.18659128,121.4196739,31.1893801,718,8892,8865,492.753,5,0,3,30,15,2,2,244,217
古宜路,,121.4180526,31.1916754,121.4196739,31.1893801,720,8870,8865,316.923,5,0,3,30,15,2,2,222,217
古宜路,,121.4196739,31.1893801,121.4230499,31.18659128,721,8865,8892,499.213,5,0,3,30,15,2,2,217,244
桂平路,,121.39967,31.1676919,121.4005994,31.1649062,722,8844,24,330.433,5,0,2,40,15,2,2,196,24
淮海西路,,121.4250866,31.20184715,121.4306843,31.20408887,723,114,9938,699.706,5,0,2,40,15,2,2,114,356
淮海西路,,121.4306843,31.20408887,121.4250866,31.20184715,724,9938,114,679.946,5,0,2,40,15,2,2,356,114
虹桥路,,121.4178686,31.19730855,121.4169916,31.19741971,725,113,88136,105.393,5,0,1,50,15,2,2,113,288
南丹路,,121.4219355,31.1941142,121.4197894,31.19499524,727,111,9930,261.075,5,0,3,30,15,2,2,111,349
南丹路,,121.4197894,31.19499524,121.4219355,31.1941142,728,9930,111,260.692,5,0,3,30,15,2,2,349,111
凯旋路,,121.4199953,31.19256865,121.4169916,31.19741971,729,110,88136,641.113,5,0,2,40,15,2,2,110,288
凯旋路,,121.4169916,31.19741971,121.4199953,31.19256865,730,88136,110,650.733,5,0,2,40,15,2,2,288,110
中山西路,,121.4167424,31.1910874,121.4150867,31.19345532,731,13,88160,327.255,5,1,1,50,15,2,2,13,312
中山西路,,121.4128765,31.19619869,121.4146164,31.19370887,732,9932,88159,344.189,5,2,1,50,15,2,2,351,311
宋园路,,121.4089245,31.1886318,121.4088603,31.19289788,733,91,9931,486.624,5,0,2,40,15,2,2,91,350
宋园路,,121.4088603,31.19289788,121.4089245,31.1886318,734,9931,91,485.186,5,0,2,40,15,2,2,350,91
吴中路,,121.4089245,31.1886318,121.4043793,31.18731738,735,91,9934,541.797,5,0,1,50,15,2,2,91,353
吴中路,,121.4043793,31.18731738,121.4089245,31.1886318,736,9934,91,534.077,5,0,1,50,15,2,2,353,91
古北路,,121.4034131,31.1814536,121.3998819,31.18652503,737,88,9933,696.564,5,0,1,50,15,2,2,88,352
古北路,,121.3998819,31.18652503,121.4034131,31.1814536,738,9933,88,697.904,5,0,1,50,15,2,2,352,88
虹梅路,,121.4068226,31.142556,121.4126559,31.13501491,739,12,88146,1067.648,5,2,1,50,15,2,2,12,298
虹梅路,,121.414258,31.13350274,121.4128271,31.13520846,740,88135,88147,256.762,5,1,1,50,15,2,2,287,299
上中路,,121.41701,31.1346556,121.414258,31.13350274,741,102,88135,341.072,5,0,1,50,15,2,2,102,287
上中路,,121.414258,31.13350274,121.41701,31.1346556,742,88135,102,340.898,5,0,1,50,15,2,2,287,102
老沪闵路,,121.4278337,31.1379976,121.4299053,31.13589431,743,100,9925,349.352,5,0,1,50,15,2,2,100,346
老沪闵路,,121.4299053,31.13589431,121.4278337,31.1379976,744,9925,100,337.33,5,0,1,50,15,2,2,346,100
罗秀路,,121.4383685,31.1347469,121.4356337,31.13409533,745,42,9928,317.574,5,0,2,40,15,2,2,42,348
罗秀路,,121.4356337,31.13409533,121.4383685,31.1347469,746,9928,42,318.914,5,0,2,40,15,2,2,348,42
华发路,,121.4408209,31.1286324,121.4370822,31.12815493,747,41,9927,427.333,5,0,2,40,15,2,2,41,347
华发路,,121.4370822,31.12815493,121.4408209,31.1286324,748,9927,41,425.109,5,0,2,40,15,2,2,347,41
长华路,,121.4408209,31.1286324,121.4424189,31.12588054,749,41,9914,366.508,5,0,2,40,15,2,2,41,336
长华路,,121.4424189,31.12588054,121.4408209,31.1286324,750,9914,41,359.106,5,0,2,40,15,2,2,336,41
龙吴路,,121.4519652,31.11764195,121.4509886,31.11417271,751,40,9913,405.274,5,0,1,50,15,2,2,40,335
龙吴路,,121.4509886,31.11417271,121.4519652,31.11764195,752,9913,40,408.103,5,0,1,50,15,2,2,335,40
黄石路,,121.445512,31.15880401,121.4491963,31.15893612,753,33,9916,424.095,5,0,3,30,15,2,2,33,338
黄石路,,121.4491963,31.15893612,121.445512,31.15880401,754,9916,33,433.047,5,0,3,30,15,2,2,338,33
黄石路,,121.4555069,31.15952849,121.4530621,31.15923632,755,54,9915,282.579,5,0,3,30,15,2,2,54,337
黄石路,,121.4530621,31.15923632,121.4555069,31.15952849,756,9915,54,279.492,5,0,3,30,15,2,2,337,54
龙腾大道,,121.458832,31.1654415,121.4599078,31.16384954,757,48,9918,216.37,5,0,1,50,15,2,2,48,340
龙腾大道,,121.4599078,31.16384954,121.458832,31.1654415,758,9918,48,217.334,5,0,1,50,15,2,2,340,48
龙启路,,121.4543573,31.1663178,121.4525736,31.1658572,759,52,9917,210.779,5,0,3,30,15,2,2,52,339
龙启路,,121.4525736,31.1658572,121.4543573,31.1663178,760,9917,52,208.729,5,0,3,30,15,2,2,339,52
龙兰路,,121.4540024,31.16835735,121.4510101,31.16787044,761,51,9920,346.385,5,0,3,30,15,2,2,51,342
龙兰路,,121.4510101,31.16787044,121.4540024,31.16835735,762,9920,51,342.2,5,0,3,30,15,2,2,342,51
瑞宁路,,121.4585851,31.18636859,121.4613793,31.18741698,763,43,9919,340.193,5,0,1,50,15,2,2,43,341
瑞宁路,,121.4613793,31.18741698,121.4585851,31.18636859,764,9919,43,344.352,5,0,1,50,15,2,2,341,43
中山南二路,,121.4604235,31.19392386,121.4629452,31.19511075,765,22,88169,314.723,5,2,1,50,15,2,2,22,321
中山南二路,,121.4632642,31.19538346,121.462936,31.19530366,766,996,88168,40.117,5,1,1,50,15,2,2,328,320
零陵路,,121.4591385,31.19605109,121.4610537,31.19648829,767,66,995,225.638,5,0,3,30,15,2,2,66,327
零陵路,,121.4610537,31.19648829,121.4591385,31.19605109,768,995,66,228.295,5,0,3,30,15,2,2,327,66
斜土路,,121.4573548,31.20009032,121.4586917,31.200464,769,67,998,163.558,5,0,1,50,15,2,2,67,330
斜土路,,121.4586917,31.200464,121.4573548,31.20009032,770,998,67,160.035,5,0,1,50,15,2,2,330,67
大木桥路,,121.4573548,31.20009032,121.456944,31.2021564,771,67,997,241.487,5,0,2,40,15,2,2,67,329
大木桥路,,121.456944,31.2021564,121.4573548,31.20009032,772,997,67,242.594,5,0,2,40,15,2,2,329,67
小木桥路,,121.4527758,31.20064563,121.4539436,31.1987959,773,9910,68,246.015,5,0,3,30,15,2,2,332,68
东安路,,121.4478865,31.19639359,121.4468265,31.19798358,775,70,9912,221.816,5,0,2,40,15,2,2,70,334
东安路,,121.4468265,31.19798358,121.4478865,31.19639359,776,9912,70,217.648,5,0,2,40,15,2,2,334,70
天钥桥路,,121.4376439,31.1932077,121.437532,31.1917306,779,992,72,165.971,5,0,1,50,15,2,2,324,72
漕溪北路,,121.4327372,31.1909104,121.4334798,31.19334518,780,1,991,285.548,5,0,1,50,15,2,2,1,323
漕溪北路,,121.4334798,31.19334518,121.4327372,31.1909104,781,991,1,286.358,5,0,1,50,15,2,2,323,1
虹桥路,,121.4272428,31.1942784,121.4293694,31.19456551,782,73,994,250.231,5,0,1,50,15,2,2,73,326
虹桥路,,121.4293694,31.19456551,121.4272428,31.1942784,783,994,73,243.959,5,0,1,50,15,2,2,326,73
宜山北路,,121.4272428,31.1942784,121.428534,31.19650733,784,73,993,292.028,5,0,2,40,15,2,2,73,325
宜山北路,,121.428534,31.19650733,121.4272428,31.1942784,785,993,73,290.007,5,0,2,40,15,2,2,325,73
龙吴路,龙吴路（百色路至龙瑞路）,121.4463061,31.14475557,121.4463225,31.1444369,786,88132,88139,50.94,5,0,1,50,15,2,2,284,291
龙吴路,龙吴路（龙瑞路至百色路）,121.4463061,31.14475557,121.4461964,31.14639547,231,88132,35,193.941,5,0,1,50,15,2,2,284,35
龙吴路,龙吴路（龙吴路行人信号至百色路）,121.4460787,31.14827024,121.4461964,31.14639547,788,88133,35,221.479,5,0,1,50,15,2,2,285,35
龙吴路,龙吴路（百色路至龙吴路行人信号）,121.4460787,31.14827024,121.4458424,31.1520091,789,88133,8829,430.369,5,0,1,50,15,2,2,285,181
龙水南路,,121.4475833,31.15551269,121.4456276,31.15549866,791,88127,34,229.84,5,0,1,50,15,2,2,279,34
龙水南路,,121.4475833,31.15551269,121.4508555,31.15551555,790,88127,88126,386.445,5,0,1,50,15,2,2,279,278
龙水南路,,121.4508555,31.15551555,121.4475833,31.15551269,793,88126,88127,376.398,5,0,1,50,15,2,2,278,279
龙水南路,,121.4508555,31.15551555,121.4558277,31.1576008,792,88126,8895,612.028,5,0,1,50,15,2,2,278,247
徐梅路,,121.452072,31.1265042,121.4590262,31.12753902,794,38,88130,794.072,5,0,3,30,15,2,2,38,282
徐梅路,,121.4590262,31.12753902,121.452072,31.1265042,795,88130,38,789.369,5,0,3,30,15,2,2,282,38
龙腾大道,,121.4590262,31.12753902,121.4505967,31.14198387,796,88130,88131,1893.298,5,0,1,50,15,2,2,282,283
龙腾大道,,121.4505967,31.14198387,121.4590262,31.12753902,797,88131,88130,1894.189,5,0,1,50,15,2,2,283,282
龙腾大道,,121.4505967,31.14198387,121.4501676,31.14790555,798,88131,88124,675.893,5,0,1,50,15,2,2,283,276
龙腾大道,,121.4501676,31.14790555,121.4505967,31.14198387,799,88124,88131,681.538,5,0,1,50,15,2,2,276,283
龙腾大道,,121.4501676,31.14790555,121.4523501,31.1521432,800,88124,49,543.737,5,0,1,50,15,2,2,276,49
龙腾大道,,121.4523501,31.1521432,121.4501676,31.14790555,801,49,88124,548.907,5,0,1,50,15,2,2,49,276
龙腾大道,,121.4523501,31.1521432,121.4563337,31.15648316,802,49,88134,658.433,5,0,3,30,15,2,2,49,286
龙腾大道,,121.4563337,31.15648316,121.4523501,31.1521432,803,88134,49,657.634,5,0,3,30,15,2,2,286,49
云锦路,,121.4563337,31.15648316,121.4558277,31.1576008,804,88134,8895,139.261,5,0,3,30,15,2,2,286,247
云锦路,,121.4558277,31.1576008,121.4563337,31.15648316,805,8895,88134,145.354,5,0,3,30,15,2,2,247,286
天钥桥南路,,121.4523501,31.1521432,121.4512817,31.15339888,806,49,88129,184.435,5,0,3,30,15,2,2,49,281
天钥桥南路,,121.4512817,31.15339888,121.4523501,31.1521432,807,88129,49,185.417,5,0,3,30,15,2,2,281,49
天钥桥南路,,121.4512817,31.15339888,121.4508555,31.15551555,808,88129,88126,253.422,5,0,3,30,15,2,2,281,278
天钥桥南路,,121.4508555,31.15551555,121.4512817,31.15339888,809,88126,88129,246,5,0,3,30,15,2,2,278,281
喜泰路,,121.4463061,31.14475557,121.4476147,31.14834032,810,88132,88125,456.136,5,0,3,30,15,2,2,284,277
喜泰路,,121.4476147,31.14834032,121.4466651,31.15190005,811,88125,88128,422.2,5,0,3,30,15,2,2,277,280
喜泰路,,121.4466651,31.15190005,121.4476147,31.14834032,812,88128,88125,415.903,5,0,3,30,15,2,2,280,277
喜泰路,,121.4466651,31.15190005,121.4475833,31.15551269,813,88128,88127,430.442,5,0,3,30,15,2,2,280,279
喜泰路,,121.4475833,31.15551269,121.4466651,31.15190005,814,88127,88128,440.134,5,0,3,30,15,2,2,279,280
夏泰浜路,,121.4466651,31.15190005,121.4512817,31.15339888,815,88128,88129,551.349,5,0,3,30,15,2,2,280,281
夏泰浜路,,121.4512817,31.15339888,121.4466651,31.15190005,816,88129,88128,547.759,5,0,3,30,15,2,2,281,280
喜泰支路,,121.4460787,31.14827024,121.4476147,31.14834032,817,88133,88125,177.545,5,0,3,30,15,2,2,285,277
喜泰支路,,121.4476147,31.14834032,121.4460787,31.14827024,818,88125,88133,179.565,5,0,3,30,15,2,2,277,285
喜泰支路,,121.4476147,31.14834032,121.4501676,31.14790555,819,88125,88124,291.122,5,0,3,30,15,2,2,277,276
喜泰支路,,121.4501676,31.14790555,121.4476147,31.14834032,820,88124,88125,290.535,5,0,3,30,15,2,2,276,277
龙瑞路,,121.4471128,31.141221,121.4505967,31.14198387,821,8830,88131,403.165,5,0,3,30,15,2,2,182,283
龙瑞路,,121.4505967,31.14198387,121.4471128,31.141221,822,88131,8830,402.699,5,0,3,30,15,2,2,283,182
虹桥路,,121.4169916,31.19741971,121.4178686,31.19730855,726,88136,113,102.279,5,0,1,50,15,2,2,288,113
三汇路,三汇路（漕溪路至中山西路）,121.4288341,31.18187657,121.4301785,31.1808605,823,88137,88163,189.002,5,2,2,40,15,2,2,289,315
凯旋南路,,121.4289632,31.18197431,121.428014,31.18282862,824,88138,8890,143.611,5,0,2,40,15,2,2,290,242
三汇路,,121.4288341,31.18187657,121.4289632,31.18197431,825,88137,88138,18.337,5,0,3,30,15,2,2,289,290
凯进路,,121.4279587,31.18256807,121.428014,31.18282862,826,8881,8890,33.87,5,0,3,30,15,2,2,233,242
龙吴路,龙吴路（百色路至龙瑞路）,121.4463225,31.1444369,121.4471128,31.141221,827,88139,8830,390.871,5,0,1,50,15,2,2,291,182
龙吴路,龙吴路（龙瑞路至百色路）,121.4463225,31.1444369,121.4463061,31.14475557,828,88139,88132,47.194,5,0,1,50,15,2,2,291,284
中环高架,,121.3912127,31.17957347,121.3956038,31.16784564,829,771,772,1443.347,7,0,0,80,15,2,2,115,116
中环高架,,121.3956038,31.16784564,121.3993736,31.16040192,830,772,775,951.423,7,0,0,80,15,2,2,116,119
中环高架,,121.3993736,31.16040192,121.4021896,31.15354958,831,775,777,842.062,7,0,0,80,15,2,2,119,121
中环高架,,121.4021896,31.15354958,121.4072499,31.14268558,832,777,7717,1380.928,7,0,0,80,15,2,2,121,131
中环高架,,121.4072499,31.14268558,121.4100219,31.13761083,833,7717,7712,705.399,7,0,0,80,15,2,2,131,126
中环高架,,121.4100219,31.13761083,121.4405038,31.14204203,834,7712,7714,3811.792,7,0,0,80,15,2,2,126,128
中环高架,,121.4405038,31.14204203,121.4445569,31.14422896,835,7714,7716,550.348,7,0,0,80,15,2,2,128,130
中环高架,,121.4445569,31.14422896,121.4405815,31.1428449,836,7716,7715,492.651,7,0,0,80,15,2,2,130,129
中环高架,,121.4405815,31.1428449,121.4104199,31.13794876,837,7715,7713,3684.695,7,0,0,80,15,2,2,129,127
中环高架,,121.4104199,31.13794876,121.4072499,31.14268558,838,7713,7717,676.954,7,0,0,80,15,2,2,127,131
中环高架,,121.4072499,31.14268558,121.4026402,31.1536885,839,7717,776,1371.518,7,0,0,80,15,2,2,131,120
中环高架,,121.4026402,31.1536885,121.3998316,31.16025549,840,776,774,827.091,7,0,0,80,15,2,2,120,118
中环高架,,121.3998316,31.16025549,121.3965463,31.1672017,841,774,773,888.616,7,0,0,80,15,2,2,118,117
中环高架,,121.3965463,31.1672017,121.3912127,31.17957347,842,773,771,1548.808,7,0,0,80,15,2,2,117,115
虹梅路,,121.3962735,31.16707988,121.3971816,31.16564658,843,88140,88104,190.903,5,2,1,50,15,2,2,292,256
虹梅路,,121.3965769,31.16675978,121.3951732,31.16892538,844,88141,88115,287.959,5,1,1,50,15,2,2,293,267
虹梅路,,121.3991451,31.16130707,121.4011126,31.15670532,845,88142,88103,562,5,1,1,50,15,2,2,294,255
虹梅路,,121.3992865,31.1613294,121.3980991,31.16400615,846,88143,23,326.929,5,2,1,50,15,2,2,295,23
虹梅路,,121.4026437,31.15286559,121.4044999,31.1485624,847,88144,103,524.03,5,2,1,50,15,2,2,296,103
虹梅路,,121.4028149,31.15279859,121.4011126,31.15670532,848,88145,88103,475.247,5,1,1,50,15,2,2,297,255
虹梅路,,121.4126559,31.13501491,121.414258,31.13350274,849,88146,88135,252.544,5,2,1,50,15,2,2,298,287
虹梅路,,121.4128271,31.13520846,121.4068226,31.142556,850,88147,12,1061.93,5,1,1,50,15,2,2,299,12
上中路,,121.4394952,31.14181127,121.4463225,31.1444369,851,88148,88139,816.255,5,1,1,50,15,2,2,300,291
上中路,,121.440113,31.1422728,121.4372148,31.14093675,852,88170,88108,359.548,5,2,1,50,15,2,2,322,260
中环高架下匝道,,121.3956038,31.16784564,121.3962735,31.16707988,853,772,88140,113.244,7,0,0,80,15,2,2,116,292
中环高架下匝道,,121.3998316,31.16025549,121.3992865,31.1613294,854,774,88143,134.069,7,0,0,80,15,2,2,118,295
中环高架下匝道,,121.4021896,31.15354958,121.4026437,31.15286559,855,777,88144,91.395,7,0,0,80,15,2,2,121,296
中环高架下匝道,,121.4100219,31.13761083,121.4126559,31.13501491,856,7712,88146,411.679,7,0,0,80,15,2,2,126,298
中环高架下匝道,,121.4405815,31.1428449,121.440113,31.1422728,857,7715,88170,82.315,7,0,0,80,15,2,2,129,322
中环高架上匝道,,121.4394952,31.14181127,121.4405038,31.14204203,858,88148,7714,115.185,7,0,0,80,15,2,2,300,128
中环高架上匝道,,121.4128271,31.13520846,121.4104199,31.13794876,859,88147,7713,406.029,7,0,0,80,15,2,2,299,127
中环高架上匝道,,121.4028149,31.15279859,121.4026402,31.1536885,860,88145,776,100.957,7,0,0,80,15,2,2,297,120
中环高架上匝道,,121.3991451,31.16130707,121.3993736,31.16040192,861,88142,775,103.922,7,0,0,80,15,2,2,294,119
中环高架上匝道,,121.3965769,31.16675978,121.3965463,31.1672017,862,88141,773,49.312,7,0,0,80,15,2,2,293,117
沪闵高架,,121.3989779,31.13479345,121.4034399,31.13904513,863,7718,779,713.222,7,0,0,80,15,2,2,132,123
沪闵高架,,121.4034399,31.13904513,121.4072499,31.14268558,864,779,7717,601.343,7,0,0,80,15,2,2,123,131
沪闵高架,,121.4072499,31.14268558,121.4128229,31.14783491,865,7717,7711,910.409,7,0,0,80,15,2,2,131,125
沪闵高架,,121.4128229,31.14783491,121.4168025,31.1511423,866,7711,7720,633.01,7,0,0,80,15,2,2,125,134
沪闵高架,,121.4168025,31.1511423,121.4266137,31.1607376,867,7720,7721,1566.022,7,0,0,80,15,2,2,134,135
沪闵高架,,121.4266137,31.1607376,121.4309573,31.17377574,868,7721,7723,1620.632,7,0,0,80,15,2,2,135,137
沪闵高架,,121.4309573,31.17377574,121.431389,31.18216139,869,7723,7725,970.277,7,0,0,80,15,2,2,137,139
沪闵高架,,121.431389,31.18216139,121.4321943,31.18773455,870,7725,2,659.7,7,0,0,80,15,2,2,139,2
沪闵高架,,121.4321943,31.18773455,121.431389,31.18216139,871,2,7725,656.948,7,0,0,80,15,2,2,2,139
沪闵高架,,121.431389,31.18216139,121.4308456,31.18017012,872,7725,7724,254.18,7,0,0,80,15,2,2,139,138
沪闵高架,,121.4308456,31.18017012,121.4268668,31.16176487,873,7724,7722,2137.052,7,0,0,80,15,2,2,138,136
沪闵高架,,121.4268668,31.16176487,121.4165755,31.15215469,874,7722,7719,1584.351,7,0,0,80,15,2,2,136,133
沪闵高架,,121.4165755,31.15215469,121.4126202,31.14812027,876,7719,7710,646.468,7,0,0,80,15,2,2,133,124
沪闵高架,,121.4126202,31.14812027,121.4072499,31.14268558,875,7710,7717,873.677,7,0,0,80,15,2,2,124,131
沪闵高架,,121.4072499,31.14268558,121.4033798,31.13938681,877,7717,778,609.286,7,0,0,80,15,2,2,131,122
沪闵高架,,121.4033798,31.13938681,121.3989779,31.13479345,878,778,7718,748.013,7,0,0,80,15,2,2,122,132
沪闵路,,121.4005579,31.13630644,121.4068226,31.142556,880,88149,12,986.247,5,1,1,50,15,2,2,301,12
沪闵路,,121.4005467,31.13646277,121.3997197,31.13554012,879,88150,9924,140.543,5,2,1,50,15,2,2,302,345
沪闵路,,121.4111786,31.14668336,121.4083396,31.1439936,881,88152,8855,439.027,5,2,1,50,15,2,2,304,207
沪闵路,,121.4112903,31.14654192,121.4141457,31.14927833,882,88151,11,444.651,5,1,1,50,15,2,2,303,11
沪闵路,沪闵路（桂林路至虹漕南路）,121.4185854,31.15359882,121.4141457,31.14927833,883,88153,11,694.092,5,1,1,50,15,2,2,305,11
沪闵路,沪闵路（虹漕南路至桂林路）,121.4186087,31.15333401,121.4194376,31.15426093,884,88154,10,143.103,5,2,1,50,15,2,2,306,10
沪闵路,,121.4258842,31.16055894,121.4246286,31.15923114,885,88156,9,209.399,5,2,1,50,15,2,2,308,9
沪闵路,,121.4256237,31.16003042,121.4273753,31.16192284,886,88155,8896,291.012,5,1,1,50,15,2,2,307,248
漕溪路,漕溪路（龙漕路至漕溪人行道）,121.4303543,31.17179936,121.4304986,31.17399526,887,88157,8836,252.333,5,1,1,50,15,2,2,309,188
漕溪路,漕溪路（三汇路至田林东路）,121.4307861,31.17807092,121.430746,31.1763909,888,88158,6,194.461,5,2,1,50,15,2,2,310,6
沪闵高架上匝道,,121.4005579,31.13630644,121.4034399,31.13904513,889,88149,779,442.577,7,0,0,80,15,2,2,301,123
沪闵高架上匝道,,121.4112903,31.14654192,121.4128229,31.14783491,890,88151,7711,223.221,7,0,0,80,15,2,2,303,125
沪闵高架上匝道,,121.4185854,31.15359882,121.4165755,31.15215469,891,88153,7719,275.504,7,0,0,80,15,2,2,305,133
沪闵高架上匝道,,121.4256237,31.16003042,121.4266137,31.1607376,892,88155,7721,135.44,7,0,0,80,15,2,2,307,135
沪闵高架上匝道,,121.4303543,31.17179936,121.4309573,31.17377574,893,88157,7723,230.02,7,0,0,80,15,2,2,309,137
沪闵高架下匝道,,121.4308456,31.18017012,121.4307861,31.17807092,894,7724,88158,233.776,7,0,0,80,15,2,2,138,310
沪闵高架下匝道,,121.4268668,31.16176487,121.4258842,31.16055894,895,7722,88156,173.164,7,0,0,80,15,2,2,136,308
沪闵高架下匝道,,121.4168025,31.1511423,121.4186087,31.15333401,896,7720,88154,316.153,7,0,0,80,15,2,2,134,306
沪闵高架下匝道,,121.4126202,31.14812027,121.4111786,31.14668336,897,7710,88152,226.581,7,0,0,80,15,2,2,124,304
沪闵高架下匝道,,121.4033798,31.13938681,121.4005467,31.13646277,898,778,88150,453.23,7,0,0,80,15,2,2,122,302
内环高架,,121.4122279,31.19704177,121.4130583,31.19535878,899,7726,7727,252.801,7,0,0,80,15,2,2,140,141
内环高架,,121.4130583,31.19535878,121.418539,31.18789192,900,7727,7729,1045.754,7,0,0,80,15,2,2,141,143
内环高架,,121.418539,31.18789192,121.4278102,31.1825196,901,7729,7731,1272.369,7,0,0,80,15,2,2,143,145
内环高架,,121.4278102,31.1825196,121.431389,31.18216139,902,7731,7725,419.46,7,0,0,80,15,2,2,145,139
内环高架,,121.431389,31.18216139,121.4353468,31.17969931,903,7725,7732,534.375,7,0,0,80,15,2,2,139,146
内环高架,,121.4353468,31.17969931,121.4500491,31.18809219,904,7732,7734,1969.391,7,0,0,80,15,2,2,146,148
内环高架,,121.4500491,31.18809219,121.4616848,31.19435745,905,7734,7737,1520.484,7,0,0,80,15,2,2,148,151
内环高架,,121.4616848,31.19435745,121.4637867,31.19561417,906,7737,7738,318.305,7,0,0,80,15,2,2,151,152
内环高架,,121.4637867,31.19561417,121.4614901,31.19466611,907,7738,7736,306.498,7,0,0,80,15,2,2,152,150
内环高架,,121.4614901,31.19466611,121.4503724,31.18877567,908,7736,7735,1428.574,7,0,0,80,15,2,2,150,149
内环高架,,121.4503724,31.18877567,121.4370702,31.18060695,909,7735,7733,1784.648,7,0,0,80,15,2,2,149,147
内环高架,,121.4370702,31.18060695,121.431389,31.18216139,910,7733,7725,686.898,7,0,0,80,15,2,2,147,139
内环高架,,121.431389,31.18216139,121.4191049,31.18823733,911,7725,7730,1600.816,7,0,0,80,15,2,2,139,144
内环高架,,121.4191049,31.18823733,121.4136389,31.19561601,912,7730,7728,1037.123,7,0,0,80,15,2,2,144,142
内环高架,,121.4136389,31.19561601,121.4122279,31.19704177,913,7728,7726,264.628,7,0,0,80,15,2,2,142,140
中山西路,,121.4146164,31.19370887,121.4167424,31.1910874,914,88159,13,379.677,5,2,1,50,15,2,2,311,13
中山西路,,121.4150867,31.19345532,121.4128765,31.19619869,915,88160,9932,398.698,5,1,1,50,15,2,2,312,351
中山西路,中山西路（吴中路至柳州路）,121.4174036,31.18992216,121.4184043,31.18870604,916,88161,8837,181.79,5,1,1,50,15,2,2,313,189
中山西路,中山西路（柳州路至吴中路）,121.4176185,31.19003791,121.4167424,31.1910874,917,88162,13,156.532,5,2,1,50,15,2,2,314,13
三汇路,三汇路（漕溪路至中山西路）,121.4301785,31.1808605,121.4312338,31.18008334,918,88163,5,157.496,5,2,2,40,15,2,2,315,5
龙华西路,龙华西路（中山南二路至龙吴路）,121.4381065,31.17887252,121.4403058,31.17627192,919,88164,31,387.571,5,2,1,50,15,2,2,316,31
中山南二路,,121.4395378,31.18208415,121.4362897,31.17965694,920,88165,16,467.696,5,1,1,50,15,2,2,317,16
中山南二路,中山南二路（宛平南路至人行道）,121.4472343,31.18750424,121.4505817,31.18849342,921,88166,8824,391.617,5,1,1,50,15,2,2,318,176
中山南二路,中山南二路（人行道至宛平南路）,121.4474474,31.18778352,121.4461072,31.18710622,922,88167,18,174.863,5,2,1,50,15,2,2,319,18
中山南二路,,121.462936,31.19530366,121.4604235,31.19392386,924,88168,22,324.871,5,1,1,50,15,2,2,320,22
中山南二路,,121.4629452,31.19511075,121.4632642,31.19538346,923,88169,996,50.285,5,2,1,50,15,2,2,321,328
内环高架下匝道,,121.4130583,31.19535878,121.4146164,31.19370887,925,7727,88159,252.617,7,0,0,80,15,2,2,141,311
内环高架下匝道,,121.4191049,31.18823733,121.4176185,31.19003791,926,7730,88162,259.912,7,0,0,80,15,2,2,144,314
内环高架下匝道,,121.4278102,31.1825196,121.4301785,31.1808605,927,7731,88163,321.894,7,0,0,80,15,2,2,145,315
内环高架下匝道,,121.4353468,31.17969931,121.4381065,31.17887252,928,7732,88164,320.694,7,0,0,80,15,2,2,146,316
内环高架下匝道,,121.4503724,31.18877567,121.4474474,31.18778352,929,7735,88167,343.832,7,0,0,80,15,2,2,149,319
内环高架下匝道,,121.4616848,31.19435745,121.4629452,31.19511075,930,7737,88169,163.457,7,0,0,80,15,2,2,151,321
内环高架上匝道,,121.462936,31.19530366,121.4614901,31.19466611,931,88168,7736,175.916,7,0,0,80,15,2,2,320,150
内环高架上匝道,,121.4472343,31.18750424,121.4500491,31.18809219,932,88166,7734,320.102,7,0,0,80,15,2,2,318,148
内环高架上匝道,,121.4395378,31.18208415,121.4370702,31.18060695,933,88165,7733,320.143,7,0,0,80,15,2,2,317,147
内环高架上匝道,,121.4174036,31.18992216,121.418539,31.18789192,934,88161,7729,258.95,7,0,0,80,15,2,2,313,143
内环高架上匝道,,121.4150867,31.19345532,121.4136389,31.19561601,935,88160,7728,289.532,7,0,0,80,15,2,2,312,142
徐梅路,,121.452072,31.1265042,121.4433421,31.12540691,936,38,9939,994.71,5,0,3,30,15,2,2,38,357
徐梅路,,121.4433421,31.12540691,121.452072,31.1265042,937,9939,38,991.806,5,0,3,30,15,2,2,357,38
华泾路,,121.4523179,31.12193235,121.4567615,31.12243773,938,39,9940,499.914,5,0,2,40,15,2,2,39,358
华泾路,,121.4567615,31.12243773,121.4523179,31.12193235,939,9940,39,499.974,5,0,2,40,15,2,2,358,39
华泾路,,121.4523179,31.12193235,121.4486289,31.12159589,940,39,9941,416.841,5,0,2,40,15,2,2,39,359
华泾路,,121.4486289,31.12159589,121.4523179,31.12193235,941,9941,39,415.683,5,0,2,40,15,2,2,359,39
华济路,,121.4519652,31.11764195,121.4557668,31.11811013,942,40,9942,431.497,5,0,2,40,15,2,2,40,360
华济路,,121.4557668,31.11811013,121.4519652,31.11764195,943,9942,40,429.448,5,0,2,40,15,2,2,360,40
华济路,,121.4519652,31.11764195,121.4485147,31.11747901,944,40,9943,386.837,5,0,2,40,15,2,2,40,361
华济路,,121.4485147,31.11747901,121.4519652,31.11764195,945,9943,40,385.623,5,0,2,40,15,2,2,361,40
百色路,,121.4339118,31.14427775,121.4288502,31.14509785,946,98,9944,583.694,5,0,2,40,15,2,2,98,362
百色路,,121.4288502,31.14509785,121.4339118,31.14427775,947,9944,98,585.1,5,0,2,40,15,2,2,362,98
天等路,,121.4236214,31.1369265,121.4228527,31.13882192,948,101,9945,228.577,5,0,2,40,15,2,2,101,363
天等路,,121.4228527,31.13882192,121.4236214,31.1369265,949,9945,101,228.417,5,0,2,40,15,2,2,363,101
天等路,,121.4236214,31.1369265,121.4253673,31.1327102,950,101,9946,508.902,5,0,2,40,15,2,2,101,364
天等路,,121.4253673,31.1327102,121.4236214,31.1369265,951,9946,101,508.975,5,0,2,40,15,2,2,364,101
凌云路,,121.41701,31.1346556,121.4154329,31.13749132,952,102,9947,363.494,5,0,2,40,15,2,2,102,365
凌云路,,121.4154329,31.13749132,121.41701,31.1346556,953,9947,102,365.073,5,0,2,40,15,2,2,365,102
凌云路,,121.41701,31.1346556,121.4188158,31.13148109,954,102,9948,413.198,5,0,2,40,15,2,2,102,366
凌云路,,121.4188158,31.13148109,121.41701,31.1346556,955,9948,102,409.737,5,0,2,40,15,2,2,366,102
番禺路,,121.4250866,31.20184715,121.4254401,31.20374739,956,114,9949,215.671,5,0,2,40,15,2,2,114,367
番禺路,,121.4254401,31.20374739,121.4250866,31.20184715,957,9949,114,225.037,5,0,2,40,15,2,2,367,114
龙华西路591弄,,121.4362897,31.17965694,121.436755,31.17790767,958,16,9950,229.667,5,0,3,30,15,1,2,16,368
龙华西路591弄,,121.436755,31.17790767,121.4362897,31.17965694,959,9950,16,217.452,5,0,3,30,15,1,2,368,16
罗城路,,121.4456276,31.15549866,121.4411769,31.15418016,960,34,9951,539.324,5,0,2,40,15,2,2,34,369
罗城路,,121.4411769,31.15418016,121.4456276,31.15549866,961,9951,34,530.348,5,0,2,40,15,2,2,369,34
